City_ID,City,Lat,Lng,Current Description,Max Temp,Humidity,Cloudiness,Wind Speed,Country,Date
0,Saldanha,-33.0117,17.9442,clear sky,60.85,91,0,12.57,ZA,2022-07-28 16:39:59
1,Takoradi,4.8845,-1.7554,overcast clouds,77.9,74,91,14.5,GH,2022-07-28 16:39:59
2,Mayumba,-3.432,10.6554,broken clouds,72.61,76,79,5.97,GA,2022-07-28 16:39:59
3,Qaanaaq,77.484,-69.3632,clear sky,39.96,70,9,1.19,GL,2022-07-28 16:40:00
4,Albany,42.6001,-73.9662,scattered clouds,88.57,61,26,1.01,US,2022-07-28 16:39:35
5,Saint Pete Beach,27.7253,-82.7412,clear sky,93.24,70,0,5.75,US,2022-07-28 16:40:00
6,Jamestown,42.097,-79.2353,light rain,78.53,82,100,10.36,US,2022-07-28 16:40:01
7,Belgrade,44.804,20.4651,clear sky,83.86,39,0,4.61,RS,2022-07-28 16:35:03
8,Vaini,-21.2,-175.2,broken clouds,73.56,94,75,6.91,TO,2022-07-28 16:40:01
9,Najran,17.4924,44.1277,scattered clouds,92.05,26,34,8.66,SA,2022-07-28 16:40:02
10,Rikitea,-23.1203,-134.9692,clear sky,73.35,70,2,20.65,PF,2022-07-28 16:40:02
11,Oranjestad,12.524,-70.027,few clouds,87.75,62,20,13.8,AW,2022-07-28 16:38:53
12,Moerai,-22.4333,-151.3333,broken clouds,73.0,77,54,23.42,PF,2022-07-28 16:40:03
13,Abu Samrah,35.3029,37.1841,clear sky,93.74,14,0,12.46,SY,2022-07-28 16:40:04
14,Hilo,19.7297,-155.09,clear sky,77.29,82,0,8.05,US,2022-07-28 16:40:04
15,Miyako,39.6367,141.9525,clear sky,70.93,94,5,2.33,JP,2022-07-28 16:40:05
16,Porto Walter,-8.2686,-72.7439,broken clouds,92.52,43,69,1.34,BR,2022-07-28 16:40:06
17,Saint-Philippe,-21.3585,55.7679,scattered clouds,71.19,82,45,7.4,RE,2022-07-28 16:40:06
18,Bethel,41.3712,-73.414,scattered clouds,88.36,69,40,5.75,US,2022-07-28 16:38:16
19,Ushuaia,-54.8,-68.3,broken clouds,46.06,53,75,18.41,AR,2022-07-28 16:40:07
20,Mahebourg,-20.4081,57.7,scattered clouds,71.26,83,40,9.22,MU,2022-07-28 16:40:07
21,Kruisfontein,-34.0033,24.7314,clear sky,65.88,84,0,4.72,ZA,2022-07-28 16:40:08
22,Tuktoyaktuk,69.4541,-133.0374,light rain,46.4,81,100,12.66,CA,2022-07-28 16:40:08
23,Dikson,73.5069,80.5464,overcast clouds,44.37,98,100,17.63,RU,2022-07-28 16:40:09
24,Izumo,35.3667,132.7667,scattered clouds,78.75,91,31,5.32,JP,2022-07-28 16:40:09
25,Bubaque,11.2833,-15.8333,overcast clouds,80.73,77,86,12.93,GW,2022-07-28 16:40:10
26,Torbay,47.6666,-52.7314,few clouds,72.75,77,20,14.97,CA,2022-07-28 16:35:30
27,Sao Filipe,14.8961,-24.4956,scattered clouds,80.56,75,25,12.55,CV,2022-07-28 16:40:11
28,Airai,-8.9266,125.4092,scattered clouds,52.2,84,26,3.8,TL,2022-07-28 16:40:12
29,Usinsk,65.9939,57.5281,few clouds,67.39,52,16,12.53,RU,2022-07-28 16:40:12
30,Mesetas,3.3846,-74.0442,overcast clouds,70.65,98,100,1.61,CO,2022-07-28 16:40:13
31,Lebu,-37.6167,-73.65,clear sky,53.74,72,0,13.22,CL,2022-07-28 16:39:00
32,Klaksvik,62.2266,-6.589,overcast clouds,54.52,88,94,16.33,FO,2022-07-28 16:40:13
33,Saskylakh,71.9167,114.0833,light rain,62.91,77,100,4.07,RU,2022-07-28 16:40:14
34,Abiramam,9.4667,78.45,overcast clouds,83.08,72,98,9.44,IN,2022-07-28 16:40:16
35,Sitka,57.0531,-135.33,moderate rain,57.09,94,100,4.61,US,2022-07-28 16:40:17
36,Busselton,-33.65,115.3333,light rain,62.02,86,42,19.6,AU,2022-07-28 16:40:17
37,Mataura,-46.1927,168.8643,overcast clouds,47.48,98,100,3.6,NZ,2022-07-28 16:39:14
38,Jiazi,22.8779,116.067,overcast clouds,83.64,84,100,3.33,CN,2022-07-28 16:40:18
39,Dakar,14.6937,-17.4441,overcast clouds,85.08,71,96,16.89,SN,2022-07-28 16:40:18
40,Saint Anthony,45.0205,-93.218,clear sky,74.25,54,0,18.41,US,2022-07-28 16:40:19
41,Salalah,17.0151,54.0924,broken clouds,77.09,88,75,5.75,OM,2022-07-28 16:40:19
42,Chokurdakh,70.6333,147.9167,overcast clouds,44.62,58,88,9.35,RU,2022-07-28 16:35:30
43,Buraydah,26.326,43.975,overcast clouds,104.45,11,100,9.6,SA,2022-07-28 16:40:20
44,Hirtshals,57.5881,9.9592,few clouds,62.56,67,19,4.79,DK,2022-07-28 16:40:21
45,Abnub,27.2696,31.1511,clear sky,100.62,12,7,8.55,EG,2022-07-28 16:40:21
46,Bredasdorp,-34.5322,20.0403,clear sky,54.21,72,0,3.87,ZA,2022-07-28 16:41:22
47,Arraial Do Cabo,-22.9661,-42.0278,clear sky,87.76,48,0,14.97,BR,2022-07-28 16:39:35
48,Gat,31.61,34.7642,clear sky,89.4,100,0,10.45,IL,2022-07-28 16:41:22
49,Campbell River,50.0163,-125.2446,clear sky,77.38,65,0,3.44,CA,2022-07-28 16:37:33
50,Bluff,-46.6,168.3333,overcast clouds,47.8,73,100,9.89,NZ,2022-07-28 16:41:23
51,Cururupu,-1.8283,-44.8683,light rain,84.02,61,35,5.37,BR,2022-07-28 16:41:23
52,Husavik,66.0449,-17.3389,clear sky,56.32,62,7,5.17,IS,2022-07-28 16:41:23
53,Kupang,-10.1667,123.5833,overcast clouds,73.74,71,98,12.21,ID,2022-07-28 16:41:24
54,Kavieng,-2.5744,150.7967,overcast clouds,82.65,73,100,16.69,PG,2022-07-28 16:38:53
55,Andapa,-14.65,49.65,broken clouds,61.09,97,74,2.08,MG,2022-07-28 16:41:24
56,Georgetown,5.4112,100.3354,few clouds,82.33,90,20,7.0,MY,2022-07-28 16:40:35
57,Castro,-24.7911,-50.0119,broken clouds,74.73,42,60,11.18,BR,2022-07-28 16:36:34
58,Salinas,36.6777,-121.6555,haze,65.21,86,100,0.0,US,2022-07-28 16:39:31
59,Zhigansk,66.7697,123.3711,overcast clouds,68.47,64,93,6.53,RU,2022-07-28 16:41:25
60,Barrow,71.2906,-156.7887,overcast clouds,33.15,97,100,13.2,US,2022-07-28 16:41:25
61,Katobu,-4.9408,122.5276,broken clouds,72.97,85,54,4.72,ID,2022-07-28 16:41:26
62,Saint George,37.1041,-113.5841,clear sky,85.42,56,0,4.61,US,2022-07-28 16:41:01
63,Severo-Kurilsk,50.6789,156.125,scattered clouds,51.66,93,45,8.05,RU,2022-07-28 16:41:26
64,Thiruvananthapuram,8.4833,76.9167,light intensity drizzle,78.78,83,75,3.44,IN,2022-07-28 16:39:30
65,Pozo Colorado,-23.4923,-58.7972,few clouds,96.35,18,18,12.86,PY,2022-07-28 16:41:27
66,Komsomolskiy,40.4272,71.7189,broken clouds,90.32,19,63,16.11,UZ,2022-07-28 16:41:27
67,Puerto Ayora,-0.7393,-90.3518,overcast clouds,76.96,90,98,10.0,EC,2022-07-28 16:41:28
68,Yagodnoye,62.55,149.6667,overcast clouds,52.38,62,100,5.59,RU,2022-07-28 16:41:28
69,Seoul,37.5683,126.9778,scattered clouds,83.8,77,40,5.75,KR,2022-07-28 16:37:43
70,Qasigiannguit,68.8193,-51.1922,broken clouds,48.45,65,76,1.88,GL,2022-07-28 16:41:28
71,Burgeo,47.6167,-57.6152,broken clouds,67.39,71,61,5.39,CA,2022-07-28 16:41:29
72,Fortuna Foothills,32.6578,-114.4119,overcast clouds,91.49,40,100,14.97,US,2022-07-28 16:41:29
73,Chuy,-33.6971,-53.4616,overcast clouds,52.57,93,100,12.03,UY,2022-07-28 16:41:30
74,Kalmunai,7.4167,81.8167,overcast clouds,80.11,80,100,2.57,LK,2022-07-28 16:41:30
75,Chopovychi,50.8332,28.9533,broken clouds,70.88,54,62,5.79,UA,2022-07-28 16:41:30
76,Clyde River,70.4692,-68.5914,light rain,39.43,93,100,16.11,CA,2022-07-28 16:41:06
77,Punta Arenas,-53.15,-70.9167,light rain,41.11,84,75,31.07,CL,2022-07-28 16:39:38
78,Umba,66.6871,34.3429,overcast clouds,55.31,81,96,11.48,RU,2022-07-28 16:41:31
79,Avarua,-21.2078,-159.775,overcast clouds,75.25,88,100,16.11,CK,2022-07-28 16:37:01
80,Victoria,22.2855,114.1577,overcast clouds,88.32,79,99,4.0,HK,2022-07-28 16:40:18
81,Ixtapa,20.7,-105.2,overcast clouds,86.23,74,100,6.91,MX,2022-07-28 16:41:32
82,Rorvik,64.8621,11.2373,broken clouds,57.18,76,75,9.22,NO,2022-07-28 16:41:32
83,Kulhudhuffushi,6.6221,73.07,overcast clouds,81.72,80,91,18.19,MV,2022-07-28 16:41:33
84,Andros Town,24.7,-77.7667,clear sky,87.76,68,9,16.24,BS,2022-07-28 16:41:33
85,Nikolskoye,59.7035,30.7861,overcast clouds,69.87,61,93,4.72,RU,2022-07-28 16:38:25
86,Victoria Point,-27.5833,153.3,scattered clouds,52.95,92,37,5.95,AU,2022-07-28 16:41:34
87,Bengkulu,-3.8004,102.2655,moderate rain,76.87,90,93,4.68,ID,2022-07-28 16:41:34
88,Yellowknife,62.456,-114.3525,overcast clouds,63.12,72,100,9.22,CA,2022-07-28 16:41:34
89,Hobart,-42.8794,147.3294,few clouds,43.05,70,19,13.8,AU,2022-07-28 16:37:06
90,Puro,12.4841,123.3827,overcast clouds,81.43,84,100,12.64,PH,2022-07-28 16:41:35
91,Khatanga,71.9667,102.5,scattered clouds,60.94,57,48,4.85,RU,2022-07-28 16:41:35
92,Aljezur,37.3191,-8.8033,clear sky,74.59,71,4,15.3,PT,2022-07-28 16:41:36
93,Praya,14.9215,-23.5087,few clouds,88.34,58,20,8.05,CV,2022-07-28 16:42:36
94,Alberton,46.8168,-64.0654,scattered clouds,75.33,69,29,4.68,CA,2022-07-28 16:42:21
95,Hualmay,-11.0964,-77.6139,broken clouds,65.95,71,57,8.9,PE,2022-07-28 16:42:36
96,Kununurra,-15.7667,128.7333,broken clouds,53.58,82,64,0.0,AU,2022-07-28 16:42:37
97,Vestmanna,62.1564,-7.1664,overcast clouds,52.72,94,100,13.8,FO,2022-07-28 16:42:37
98,Carnarvon,-24.8667,113.6333,overcast clouds,69.94,57,100,3.98,AU,2022-07-28 16:42:38
99,Abatskoye,56.2875,70.4555,light rain,62.29,95,93,10.87,RU,2022-07-28 16:42:38
100,Kapaa,22.0752,-159.319,light rain,75.52,91,40,11.5,US,2022-07-28 16:42:38
101,Tura,25.5198,90.2201,broken clouds,74.32,91,67,3.11,IN,2022-07-28 16:42:39
102,Butaritari,3.0707,172.7902,overcast clouds,81.7,73,90,15.3,KI,2022-07-28 16:42:39
103,Suleya,55.1352,58.8792,overcast clouds,57.85,79,85,3.78,RU,2022-07-28 16:42:40
104,Khandyga,62.6667,135.6,scattered clouds,64.8,72,47,2.89,RU,2022-07-28 16:42:40
105,Wapi Pathum,15.8452,103.3768,broken clouds,83.32,69,64,6.49,TH,2022-07-28 16:42:40
106,Hermanus,-34.4187,19.2345,clear sky,55.8,75,0,4.14,ZA,2022-07-28 16:42:41
107,Broome,42.2506,-75.833,broken clouds,86.47,61,58,3.0,US,2022-07-28 16:42:41
108,Petropavlovsk-Kamchatskiy,53.0452,158.6483,overcast clouds,52.39,100,100,2.24,RU,2022-07-28 16:42:41
109,Kahului,20.8947,-156.47,clear sky,76.84,68,0,4.0,US,2022-07-28 16:38:24
110,Mabaruma,8.2,-59.7833,few clouds,90.21,52,22,5.64,GY,2022-07-28 16:42:42
111,Thompson,55.7435,-97.8558,few clouds,68.16,49,20,8.05,CA,2022-07-28 16:42:42
112,Wuda,39.4994,106.7117,scattered clouds,81.28,23,35,11.23,CN,2022-07-28 16:42:43
113,Itoman,26.1247,127.6694,broken clouds,84.22,79,65,8.05,JP,2022-07-28 16:42:43
114,Ilulissat,69.2167,-51.1,few clouds,48.22,71,20,4.61,GL,2022-07-28 16:42:44
115,Shujaabad,29.8797,71.2931,light rain,84.25,58,100,11.72,PK,2022-07-28 16:42:44
116,Qeshm,26.9581,56.2719,broken clouds,87.69,75,81,20.89,IR,2022-07-28 16:42:44
117,Kardymovo,54.8902,32.4311,broken clouds,62.78,72,77,7.61,RU,2022-07-28 16:42:45
118,Borovoy,55.4333,86.0833,clear sky,67.28,68,0,8.95,RU,2022-07-28 16:42:45
119,Ahipara,-35.1667,173.1667,broken clouds,55.62,74,70,10.89,NZ,2022-07-28 16:42:45
120,Meulaboh,4.1363,96.1285,overcast clouds,76.87,87,87,3.02,ID,2022-07-28 16:42:46
121,Varhaug,58.6147,5.6457,clear sky,64.69,72,7,10.74,NO,2022-07-28 16:42:46
122,Quelimane,-17.8786,36.8883,broken clouds,69.75,73,75,3.44,MZ,2022-07-28 16:42:47
123,Zheleznodorozhnyy,55.7503,38.0042,overcast clouds,72.21,92,99,10.56,RU,2022-07-28 16:42:47
124,Mbalmayo,3.5167,11.5,light rain,68.92,97,77,5.1,CM,2022-07-28 16:42:47
125,Bani,18.2833,-70.3333,clear sky,86.86,48,7,14.83,DO,2022-07-28 16:39:15
126,Ribeira Grande,38.5167,-28.7,broken clouds,75.6,69,75,4.61,PT,2022-07-28 16:42:48
127,Chapais,49.7834,-74.8492,light rain,65.98,94,99,7.11,CA,2022-07-28 16:42:48
128,Pevek,69.7008,170.3133,overcast clouds,39.72,77,86,2.53,RU,2022-07-28 16:42:49
129,Nampula,-15.1165,39.2666,scattered clouds,66.15,77,40,10.36,MZ,2022-07-28 16:42:49
130,Tasiilaq,65.6145,-37.6368,overcast clouds,44.76,93,100,5.86,GL,2022-07-28 16:42:49
131,Talnakh,69.4865,88.3972,clear sky,56.21,69,5,8.75,RU,2022-07-28 16:42:50
132,Tomatlan,19.9333,-105.25,overcast clouds,90.09,52,87,1.79,MX,2022-07-28 16:42:50
133,Mar Del Plata,-38.0023,-57.5575,light intensity drizzle,50.09,92,75,19.57,AR,2022-07-28 16:39:26
134,Dicabisagan,17.0818,122.4157,overcast clouds,79.47,88,100,4.63,PH,2022-07-28 16:42:51
135,Trenggalek,-8.05,111.7167,overcast clouds,73.56,95,99,3.06,ID,2022-07-28 16:42:51
136,Huilong,31.8111,121.655,clear sky,83.93,91,0,11.14,CN,2022-07-28 16:42:51
137,Esso,55.9333,158.7,light rain,51.82,96,100,2.19,RU,2022-07-28 16:42:52
138,Batasan,12.7667,120.7833,overcast clouds,81.54,79,100,2.48,PH,2022-07-28 16:42:52
139,Zvenigovo,55.9742,48.0181,broken clouds,74.35,76,71,5.91,RU,2022-07-28 16:43:53
140,Cabcaben,14.454,120.5914,heavy intensity rain,83.14,83,100,6.69,PH,2022-07-28 16:43:53
141,Karamadai,11.2406,76.9601,overcast clouds,79.18,71,99,2.15,IN,2022-07-28 16:43:53
142,Adrar,20.5022,-10.0711,clear sky,110.8,5,0,11.07,MR,2022-07-28 16:43:54
143,Frontera Comalapa,15.65,-92.1333,overcast clouds,82.36,65,86,2.66,MX,2022-07-28 16:43:54
144,Port Alfred,-33.5906,26.891,few clouds,65.17,82,12,5.01,ZA,2022-07-28 16:43:54
145,Ulkan,57.243,107.3223,light rain,57.78,98,100,4.99,RU,2022-07-28 16:43:55
146,Aksu,41.1231,80.2644,broken clouds,88.77,25,66,3.85,CN,2022-07-28 16:43:55
147,Araouane,18.9048,-3.5265,overcast clouds,107.04,14,95,9.64,ML,2022-07-28 16:43:56
148,Hithadhoo,-0.6,73.0833,overcast clouds,82.89,74,100,13.96,MV,2022-07-28 16:43:56
149,Kaitangata,-46.2817,169.8464,overcast clouds,42.33,91,100,8.97,NZ,2022-07-28 16:43:56
150,Ballina,-28.8667,153.5667,broken clouds,50.02,99,81,6.85,AU,2022-07-28 16:43:57
151,Beitbridge,-22.2167,30.0,clear sky,68.79,37,0,10.22,ZW,2022-07-28 16:43:57
152,Andenes,69.3143,16.1194,broken clouds,52.93,76,75,6.91,NO,2022-07-28 16:43:57
153,Guerrero Negro,27.9769,-114.0611,few clouds,75.4,61,17,9.8,MX,2022-07-28 16:39:46
154,Madingou,-4.1536,13.55,broken clouds,83.46,43,64,5.86,CG,2022-07-28 16:43:58
155,Kodiak,57.79,-152.4072,clear sky,56.71,51,0,5.75,US,2022-07-28 16:43:58
156,Ambovombe,-25.1667,46.0833,clear sky,67.06,72,9,14.92,MG,2022-07-28 16:43:59
157,Trinidad,-14.8333,-64.9,few clouds,93.18,38,20,13.8,BO,2022-07-28 16:43:59
158,Provideniya,64.3833,-173.3,overcast clouds,47.21,92,98,2.35,RU,2022-07-28 16:44:00
159,Poum,-20.2333,164.0167,scattered clouds,70.79,77,50,10.56,NC,2022-07-28 16:44:00
160,Egvekinot,66.3167,-179.1667,overcast clouds,41.47,85,99,3.42,RU,2022-07-28 16:44:00
161,East London,-33.0153,27.9116,clear sky,65.34,88,0,13.8,ZA,2022-07-28 16:40:12
162,Cabo San Lucas,22.8909,-109.9124,clear sky,91.62,60,0,5.75,MX,2022-07-28 16:39:25
163,Prince George,53.9166,-122.753,clear sky,77.25,54,0,3.44,CA,2022-07-28 16:39:58
164,Mount Isa,-20.7333,139.5,clear sky,51.57,40,0,5.75,AU,2022-07-28 16:41:15
165,Lakselv,70.0513,24.9718,broken clouds,53.42,76,75,16.11,NO,2022-07-28 16:44:01
166,Kutum,14.2,24.6667,overcast clouds,83.44,42,100,9.42,SD,2022-07-28 16:41:21
167,Marion,39.7684,-86.1555,scattered clouds,86.04,55,40,10.36,US,2022-07-28 16:42:04
168,Carutapera,-1.195,-46.02,few clouds,85.98,63,23,5.66,BR,2022-07-28 16:44:03
169,Buala,-8.145,159.5921,light rain,79.27,83,66,8.14,SB,2022-07-28 16:44:03
170,Aligudarz,33.4006,49.6949,scattered clouds,73.9,46,48,4.43,IR,2022-07-28 16:44:04
171,Santiago De Cao,-7.9589,-79.2392,mist,60.93,88,100,11.5,PE,2022-07-28 16:44:04
172,Longyan,25.1072,117.0225,overcast clouds,72.03,91,100,2.39,CN,2022-07-28 16:44:05
173,Dieppe,49.75,1.1667,overcast clouds,77.18,50,100,1.01,FR,2022-07-28 16:42:28
174,Tigzirt,36.8886,4.1198,clear sky,84.49,58,1,9.35,DZ,2022-07-28 16:44:05
175,Tiksi,71.6872,128.8694,overcast clouds,53.1,98,97,3.29,RU,2022-07-28 16:41:41
176,Trairi,-3.2778,-39.2689,broken clouds,85.14,56,51,15.39,BR,2022-07-28 16:44:06
177,Monywa,22.1167,95.1333,broken clouds,90.68,58,77,5.06,MM,2022-07-28 16:44:07
178,Asau,46.4333,26.4,overcast clouds,74.32,95,99,3.69,RO,2022-07-28 16:44:07
179,Rubizhne,49.0123,38.3797,broken clouds,80.6,42,68,6.35,UA,2022-07-28 16:44:07
180,Tehachapi,35.1322,-118.449,few clouds,88.56,26,16,11.01,US,2022-07-28 16:44:08
181,Salta,-24.7859,-65.4117,overcast clouds,57.79,80,100,10.36,AR,2022-07-28 16:43:33
182,Lazi,48.0667,24.2333,broken clouds,80.4,47,51,5.5,UA,2022-07-28 16:44:09
183,Mbanza-Ngungu,-5.25,14.8667,scattered clouds,78.84,37,25,5.48,CD,2022-07-28 16:44:09
184,Codrington,-38.2667,141.9667,few clouds,45.79,75,14,5.7,AU,2022-07-28 16:44:10
185,Viedma,-40.8135,-62.9967,scattered clouds,52.34,46,33,15.88,AR,2022-07-28 16:40:28
186,Katsuura,35.1333,140.3,overcast clouds,79.16,92,97,9.86,JP,2022-07-28 16:44:10
187,Souillac,-20.5167,57.5167,scattered clouds,70.18,83,40,9.22,MU,2022-07-28 16:45:11
188,Kamina,-8.7386,24.9906,overcast clouds,70.56,25,97,4.94,CD,2022-07-28 16:45:11
189,Cape Town,-33.9258,18.4232,clear sky,64.35,71,0,16.11,ZA,2022-07-28 16:43:27
190,Alofi,-19.0595,-169.9187,broken clouds,75.09,78,79,13.8,NU,2022-07-28 16:45:12
191,Saint-Pierre,-21.3393,55.4781,overcast clouds,69.48,80,100,3.44,RE,2022-07-28 16:45:13
192,Bambous Virieux,-20.3428,57.7575,light rain,71.22,83,40,9.22,MU,2022-07-28 16:40:14
193,Padang,-0.9492,100.3543,overcast clouds,78.08,87,91,4.74,ID,2022-07-28 16:45:13
194,Batagay-Alyta,67.8006,130.4114,overcast clouds,67.17,65,99,1.83,RU,2022-07-28 16:45:15
195,Flin Flon,54.7682,-101.865,few clouds,69.64,46,20,4.61,CA,2022-07-28 16:45:15
196,Lukulu,-14.3707,23.242,few clouds,67.5,28,22,3.38,ZM,2022-07-28 16:45:16
197,Mankono,8.0586,-6.1897,overcast clouds,80.17,64,97,7.43,CI,2022-07-28 16:45:16
198,Sergeyevka,53.88,67.4158,overcast clouds,62.47,96,88,12.53,KZ,2022-07-28 16:45:17
199,Erdenet,49.0333,104.0833,few clouds,48.29,88,20,2.37,MN,2022-07-28 16:45:17
200,Solnechnyy,50.7214,136.6319,overcast clouds,65.71,95,100,1.16,RU,2022-07-28 16:45:18
201,Ostrovnoy,68.0531,39.5131,overcast clouds,52.12,82,93,18.59,RU,2022-07-28 16:45:18
202,Vila Velha,-20.3297,-40.2925,scattered clouds,84.15,68,40,14.97,BR,2022-07-28 16:45:18
203,Beyneu,45.3167,55.2,light rain,75.2,61,100,4.72,KZ,2022-07-28 16:45:19
204,Atuona,-9.8,-139.0333,light rain,75.9,79,41,24.14,PF,2022-07-28 16:45:19
205,Malinovskiy,61.1953,62.8397,clear sky,63.07,48,0,4.41,RU,2022-07-28 16:45:20
206,Port Elizabeth,-33.918,25.5701,clear sky,68.09,86,0,12.66,ZA,2022-07-28 16:41:16
207,Tuatapere,-46.1333,167.6833,overcast clouds,43.23,88,100,4.32,NZ,2022-07-28 16:41:39
208,Saint-Joseph,-21.3667,55.6167,broken clouds,68.38,81,54,8.46,RE,2022-07-28 16:45:21
209,Wangkui,46.8333,126.5,broken clouds,70.0,92,81,1.83,CN,2022-07-28 16:45:21
210,Portland,45.5234,-122.6762,few clouds,81.99,62,11,1.99,US,2022-07-28 16:42:26
211,Nanortalik,60.1432,-45.2371,few clouds,44.73,81,18,3.27,GL,2022-07-28 16:45:22
212,Bathsheba,13.2167,-59.5167,scattered clouds,88.41,78,40,21.85,BB,2022-07-28 16:45:22
213,Tamala,52.541,43.2515,broken clouds,71.2,72,64,7.11,RU,2022-07-28 16:45:22
214,Harper,4.375,-7.7169,broken clouds,77.38,69,51,9.19,LR,2022-07-28 16:42:50
215,Kungurtug,50.5994,97.5228,broken clouds,45.12,90,54,1.05,RU,2022-07-28 16:45:23
216,Nome,64.5011,-165.4064,clear sky,42.87,81,0,0.0,US,2022-07-28 16:45:23
217,Lagoa,39.05,-27.9833,few clouds,72.63,78,12,5.79,PT,2022-07-28 16:45:24
218,Ancud,-41.8697,-73.8203,overcast clouds,47.25,80,94,3.69,CL,2022-07-28 16:45:24
219,Kondinskoye,59.6481,67.41,overcast clouds,60.22,69,100,7.65,RU,2022-07-28 16:45:25
220,Vostok,46.4856,135.8833,broken clouds,64.8,92,84,3.56,RU,2022-07-28 16:45:25
221,Opuwo,-18.0607,13.84,few clouds,71.15,21,15,6.91,NA,2022-07-28 16:44:10
222,Buin,-33.7333,-70.75,clear sky,58.42,39,0,1.16,CL,2022-07-28 16:45:26
223,Golyshmanovo,56.3979,68.3728,overcast clouds,62.47,75,93,13.18,RU,2022-07-28 16:45:26
224,Khor,47.8861,134.9464,overcast clouds,70.88,93,92,4.05,RU,2022-07-28 16:45:26
225,Lompoc,34.6391,-120.4579,mist,58.89,92,100,8.05,US,2022-07-28 16:45:27
226,Faya,18.3851,42.4509,broken clouds,75.72,76,83,6.85,SA,2022-07-28 16:45:28
227,Sebring,27.4956,-81.4409,clear sky,91.78,61,0,3.44,US,2022-07-28 16:45:28
228,Quatre Cocos,-20.2078,57.7625,light rain,71.1,77,21,11.99,MU,2022-07-28 16:45:28
229,Yerbogachen,61.2767,108.0108,overcast clouds,63.27,94,100,5.1,RU,2022-07-28 16:45:29
230,Tucuma,-0.1833,-50.05,few clouds,86.92,59,12,6.31,BR,2022-07-28 16:45:29
231,Yenagoa,4.9247,6.2642,overcast clouds,73.26,94,100,5.61,NG,2022-07-28 16:46:30
232,Tecoanapa,16.5167,-98.75,overcast clouds,84.27,60,89,1.88,MX,2022-07-28 16:46:30
233,Antofagasta,-23.65,-70.4,broken clouds,58.28,69,54,9.28,CL,2022-07-28 16:45:29
234,Jacksonville,30.3322,-81.6556,broken clouds,94.08,61,75,10.36,US,2022-07-28 16:43:33
235,Forio,40.7342,13.8646,clear sky,89.89,79,0,15.01,IT,2022-07-28 16:46:31
236,San Cristobal,7.7669,-72.225,broken clouds,75.38,50,69,7.45,VE,2022-07-28 16:46:31
237,Coquimbo,-29.9533,-71.3436,few clouds,58.73,82,20,8.05,CL,2022-07-28 16:46:32
238,Kharitonovo,61.4009,47.4978,broken clouds,70.45,71,52,6.04,RU,2022-07-28 16:46:33
239,Okhotsk,59.3833,143.3,few clouds,55.62,92,22,5.59,RU,2022-07-28 16:46:33
240,Orbetello,42.4408,11.2196,clear sky,89.62,54,0,1.14,IT,2022-07-28 16:46:34
241,Norman Wells,65.282,-126.8329,broken clouds,59.04,82,75,4.61,CA,2022-07-28 16:46:34
242,Staryy Nadym,65.6118,72.6842,broken clouds,65.32,57,65,5.23,RU,2022-07-28 16:46:34
243,Iqaluit,63.7506,-68.5145,overcast clouds,55.13,62,100,5.75,CA,2022-07-28 16:46:35
244,Nouadhibou,20.931,-17.0347,sand,76.98,73,0,27.63,MR,2022-07-28 16:46:35
245,Krasnoselkup,65.7,82.4667,clear sky,55.81,76,0,9.17,RU,2022-07-28 16:46:35
246,Pedro Juan Caballero,-22.5472,-55.7333,clear sky,87.76,25,0,0.0,PY,2022-07-28 16:46:36
247,Camacha,33.0833,-16.3333,broken clouds,72.82,73,75,16.11,PT,2022-07-28 16:46:36
248,Karratha,-20.7377,116.8463,light rain,69.73,66,0,6.13,AU,2022-07-28 16:46:37
249,Cabedelo,-6.9811,-34.8339,scattered clouds,84.87,74,25,13.47,BR,2022-07-28 16:46:37
250,Sao Joao Da Barra,-21.6403,-41.0511,clear sky,84.29,62,2,15.84,BR,2022-07-28 16:46:37
251,Kavaratti,10.5669,72.642,overcast clouds,81.19,82,99,19.51,IN,2022-07-28 16:46:38
252,Rabo De Peixe,37.8,-25.5833,few clouds,78.31,57,20,12.66,PT,2022-07-28 16:42:10
253,Bandarbeyla,9.4942,50.8122,clear sky,77.23,78,4,29.39,SO,2022-07-28 16:46:38
254,Sola,-13.8833,167.55,broken clouds,80.31,78,70,15.03,VU,2022-07-28 16:46:39
255,Pankrushikha,53.8319,80.3406,scattered clouds,69.75,62,46,11.23,RU,2022-07-28 16:46:39
256,Longyearbyen,78.2186,15.6401,broken clouds,44.44,70,75,18.41,SJ,2022-07-28 16:46:40
257,Ukiah,39.1502,-123.2078,clear sky,90.45,53,0,0.0,US,2022-07-28 16:45:03
258,Onguday,50.75,86.15,scattered clouds,60.06,68,47,2.08,RU,2022-07-28 16:46:40
259,Mildura,-34.2,142.15,fog,45.07,100,100,4.61,AU,2022-07-28 16:46:40
260,Mercedes,-34.6515,-59.4307,scattered clouds,59.95,49,39,17.25,AR,2022-07-28 16:46:41
261,Burns Lake,54.2331,-125.7533,clear sky,63.82,44,0,2.66,CA,2022-07-28 16:46:41
262,Chumikan,54.7183,135.315,overcast clouds,53.62,97,100,3.44,RU,2022-07-28 16:46:41
263,Kysyl-Syr,63.8986,122.7617,scattered clouds,67.73,74,46,4.63,RU,2022-07-28 16:46:42
264,Inyonga,-6.7167,32.0667,clear sky,73.92,37,7,3.47,TZ,2022-07-28 16:46:42
265,Pangnirtung,66.1451,-65.7125,light rain,50.0,93,100,16.11,CA,2022-07-28 16:46:43
266,Umm Kaddadah,13.6017,26.6876,overcast clouds,86.68,44,100,9.37,SD,2022-07-28 16:46:43
267,Mundi,22.0667,76.5,overcast clouds,80.87,81,100,3.22,IN,2022-07-28 16:46:43
268,Podor,16.6527,-14.9587,scattered clouds,96.46,34,40,17.54,MR,2022-07-28 16:46:44
269,Vardo,70.3705,31.1107,broken clouds,49.98,87,75,20.71,NO,2022-07-28 16:46:44
270,Constitucion,-35.3333,-72.4167,clear sky,58.57,55,0,9.91,CL,2022-07-28 16:46:44
271,Seabra,-12.4186,-41.7703,few clouds,78.22,42,24,10.92,BR,2022-07-28 16:46:45
272,Saint John,45.2727,-66.0677,few clouds,79.83,53,20,9.22,CA,2022-07-28 16:42:34
273,Dahuk,36.8695,42.994,clear sky,92.34,9,0,4.34,IQ,2022-07-28 16:46:45
274,Serik,36.9169,31.0989,clear sky,86.25,57,0,5.86,TR,2022-07-28 16:46:46
275,Pimentel,-6.8367,-79.9342,overcast clouds,64.69,77,100,12.66,PE,2022-07-28 16:47:46
276,Roma,43.2128,-75.4557,clear sky,85.68,60,0,6.91,US,2022-07-28 16:47:46
277,Arman,59.7,150.1667,overcast clouds,53.02,95,100,4.81,RU,2022-07-28 16:47:47
278,New Norfolk,-42.7826,147.0587,scattered clouds,42.93,80,38,1.01,AU,2022-07-28 16:47:47
279,Kropotkin,45.4375,40.5756,scattered clouds,80.04,37,39,5.82,RU,2022-07-28 16:47:48
280,Santa Cruz,-17.8,-63.1667,few clouds,87.85,42,20,20.71,BO,2022-07-28 16:44:55
281,Mbulu,-3.85,35.5333,broken clouds,62.76,57,57,11.74,TZ,2022-07-28 16:47:48
282,Isangel,-19.55,169.2667,overcast clouds,74.08,90,100,11.41,VU,2022-07-28 16:47:49
283,Xapuri,-10.6517,-68.5044,clear sky,98.38,24,5,1.48,BR,2022-07-28 16:47:49
284,Los Llanos De Aridane,28.6585,-17.9182,few clouds,76.12,74,20,19.57,ES,2022-07-28 16:47:50
285,Aykhal,66.0,111.5,clear sky,69.48,73,7,3.98,RU,2022-07-28 16:47:50
286,Champerico,14.3,-91.9167,overcast clouds,84.74,76,100,5.3,GT,2022-07-28 16:47:50
287,Collie,-33.3667,116.15,light rain,57.65,95,40,10.13,AU,2022-07-28 16:47:51
288,Fairbanks,64.8378,-147.7164,scattered clouds,48.31,83,40,5.75,US,2022-07-28 16:47:51
289,Sur,22.5667,59.5289,broken clouds,84.06,68,71,19.66,OM,2022-07-28 16:47:51
290,Coffs Harbour,-30.3,153.1333,scattered clouds,48.13,93,40,4.61,AU,2022-07-28 16:43:57
291,Voh,-20.9667,164.7,clear sky,63.27,89,9,5.14,NC,2022-07-28 16:47:52
292,Banjar,-8.19,114.9675,overcast clouds,74.01,84,93,3.04,ID,2022-07-28 16:47:52
293,Hamilton,39.1834,-84.5333,broken clouds,87.66,61,75,5.75,US,2022-07-28 16:46:03
294,Sidney,-33.8679,151.2073,scattered clouds,55.27,70,40,12.66,AU,2022-07-28 16:47:53
295,Dingle,10.9995,122.6711,light rain,77.34,89,100,6.08,PH,2022-07-28 16:47:53
296,Birjand,32.8663,59.2211,scattered clouds,88.27,16,40,9.22,IR,2022-07-28 16:47:54
297,Constancia,24.2231,-107.1869,scattered clouds,88.48,57,45,6.76,MX,2022-07-28 16:47:54
298,Nisia Floresta,-6.0911,-35.2086,scattered clouds,88.18,65,42,13.58,BR,2022-07-28 16:47:54
299,Ardrishaig,56.0157,-5.4481,overcast clouds,60.67,77,90,4.65,GB,2022-07-28 16:47:55
300,Luanda,-8.8368,13.2343,clear sky,73.4,78,0,8.05,AO,2022-07-28 16:43:09
301,Falmouth,50.1544,-5.0711,scattered clouds,68.9,49,40,8.05,GB,2022-07-28 16:47:55
302,Xiuyan,40.2928,123.2744,broken clouds,71.49,99,81,4.27,CN,2022-07-28 16:47:56
303,Muros,42.7762,-9.0603,scattered clouds,77.68,68,45,12.91,ES,2022-07-28 16:46:55
304,Daru,-9.0763,143.2092,overcast clouds,75.61,90,100,18.21,PG,2022-07-28 16:47:56
305,Hofn,64.2539,-15.2082,light intensity drizzle,51.82,93,100,4.61,IS,2022-07-28 16:47:57
306,Port Angeles,48.1181,-123.4307,scattered clouds,77.22,77,40,11.5,US,2022-07-28 16:47:57
307,Carroll,39.5501,-77.0164,scattered clouds,89.22,67,40,6.91,US,2022-07-28 16:47:57
308,Semey,50.4111,80.2275,overcast clouds,73.11,56,92,4.79,KZ,2022-07-28 16:47:58
309,Tiznit,29.5833,-9.5,clear sky,82.06,43,0,9.35,MA,2022-07-28 16:47:58
310,Maiduguri,11.8464,13.1603,broken clouds,90.84,43,72,4.09,NG,2022-07-28 16:47:59
311,Cabo Rojo,18.0866,-67.1457,clear sky,91.26,65,0,7.0,PR,2022-07-28 16:47:59
312,Baglung,28.2719,83.5898,overcast clouds,71.42,94,100,1.79,NP,2022-07-28 16:47:59
313,Anzio,41.4853,12.6179,clear sky,89.19,60,0,9.15,IT,2022-07-28 16:48:00
314,Bilma,18.6853,12.9164,overcast clouds,102.43,19,100,8.88,NE,2022-07-28 16:48:00
315,Leningradskiy,69.3833,178.4167,overcast clouds,36.16,87,99,4.32,RU,2022-07-28 16:44:55
316,Geraldton,-28.7667,114.6,broken clouds,57.61,94,75,12.66,AU,2022-07-28 16:48:00
317,Ajdabiya,30.7554,20.2263,clear sky,84.13,55,0,16.11,LY,2022-07-28 16:43:45
318,Fortuna,40.5982,-124.1573,overcast clouds,57.97,93,100,3.44,US,2022-07-28 16:48:01
319,Bom Jesus Do Galho,-19.8289,-42.3161,clear sky,73.99,33,0,7.52,BR,2022-07-28 16:48:02
320,Dunedin,-45.8742,170.5036,overcast clouds,43.81,79,100,11.01,NZ,2022-07-28 16:46:04
321,Monrovia,6.3005,-10.7969,overcast clouds,77.34,72,100,10.33,LR,2022-07-28 16:47:00
322,Tekirdag,40.978,27.5085,clear sky,79.95,58,0,18.12,TR,2022-07-28 16:49:03
323,Muisne,0.6,-80.0333,overcast clouds,76.62,80,91,9.35,EC,2022-07-28 16:49:03
324,Gazanjyk,39.2446,55.5154,light rain,91.85,40,39,8.3,TM,2022-07-28 16:49:04
325,Nago,26.5881,127.9761,scattered clouds,82.83,84,49,9.51,JP,2022-07-28 16:49:04
326,Cacahuatepec,16.8861,-99.6106,overcast clouds,78.22,84,98,3.13,MX,2022-07-28 16:49:05
327,Palu,-0.8917,119.8707,broken clouds,75.09,95,55,2.95,ID,2022-07-28 16:49:05
328,Tautira,-17.7333,-149.15,light rain,77.13,77,31,24.99,PF,2022-07-28 16:49:06
329,Atambua,-9.1061,124.8925,few clouds,67.89,82,24,6.98,ID,2022-07-28 16:49:06
330,Berlevag,70.8578,29.0864,broken clouds,51.8,81,75,19.57,NO,2022-07-28 16:49:07
331,Cayhagan,9.6697,122.4256,overcast clouds,81.01,80,100,7.29,PH,2022-07-28 16:49:07
332,Fujin,47.26,132.0322,overcast clouds,71.51,93,99,8.19,CN,2022-07-28 16:49:08
333,Shahrud,36.4182,54.9763,few clouds,78.26,60,15,14.38,IR,2022-07-28 16:49:08
334,Port Macquarie,-31.4333,152.9167,scattered clouds,42.89,77,31,5.37,AU,2022-07-28 16:47:36
335,Ponta Do Sol,32.6667,-17.1,clear sky,79.43,74,1,1.63,PT,2022-07-28 16:49:10
336,Sisophon,13.5859,102.9737,scattered clouds,78.98,86,42,4.68,KH,2022-07-28 16:49:10
337,Port Hawkesbury,45.6169,-61.3485,clear sky,79.92,62,0,10.0,CA,2022-07-28 16:46:48
338,Humaita,-7.5061,-63.0208,few clouds,100.71,18,21,1.97,BR,2022-07-28 16:49:11
339,Upata,8.0086,-62.3989,few clouds,85.19,55,16,3.31,VE,2022-07-28 16:49:11
340,Marrakesh,31.6315,-8.0083,scattered clouds,96.87,24,40,4.61,MA,2022-07-28 16:44:50
341,Aswan,24.0934,32.907,clear sky,106.9,9,0,9.22,EG,2022-07-28 16:47:57
342,Veraval,20.9,70.3667,overcast clouds,81.39,83,100,10.29,IN,2022-07-28 16:49:12
343,Maceio,-9.6658,-35.7353,broken clouds,78.24,88,75,14.97,BR,2022-07-28 16:46:29
344,Ulaangom,49.9811,92.0667,scattered clouds,60.1,61,38,0.6,MN,2022-07-28 16:49:13
345,Shelburne,44.0787,-80.2041,scattered clouds,77.76,55,40,12.44,CA,2022-07-28 16:46:31
346,Grand Island,40.925,-98.342,few clouds,74.01,63,20,10.36,US,2022-07-28 16:45:39
347,Kamennomostskoye,43.7372,43.0514,broken clouds,67.93,71,73,3.11,RU,2022-07-28 16:49:14
348,Kodinsk,58.6881,99.1844,light rain,62.08,87,100,2.13,RU,2022-07-28 16:49:14
349,Charters Towers,-20.1,146.2667,clear sky,50.4,72,0,5.12,AU,2022-07-28 16:49:14
350,Itarema,-2.9248,-39.9167,scattered clouds,85.12,57,43,18.16,BR,2022-07-28 16:49:15
351,Oistins,13.0667,-59.5333,scattered clouds,87.89,66,40,21.85,BB,2022-07-28 16:49:15
352,Richards Bay,-28.783,32.0377,clear sky,68.09,78,5,13.22,ZA,2022-07-28 16:49:16
353,Moose Factory,51.2585,-80.6094,light rain,68.0,82,100,9.22,CA,2022-07-28 16:49:16
354,Ust-Kuyga,70.0167,135.6,light rain,68.72,73,96,6.46,RU,2022-07-28 16:49:17
355,Costinesti,43.95,28.6333,clear sky,80.06,65,0,11.01,RO,2022-07-28 16:49:17
356,Jacareacanga,-6.2222,-57.7528,clear sky,98.46,22,4,3.13,BR,2022-07-28 16:49:18
357,Ndjole,-0.1783,10.7649,overcast clouds,80.29,60,92,5.5,GA,2022-07-28 16:49:18
358,Bardiyah,31.7561,25.0865,clear sky,81.5,64,0,12.91,LY,2022-07-28 16:49:19
359,Evensk,61.95,159.2333,overcast clouds,50.56,66,100,3.78,RU,2022-07-28 16:49:19
360,Upernavik,72.7868,-56.1549,overcast clouds,42.08,77,100,2.06,GL,2022-07-28 16:49:20
361,Bar Harbor,44.3876,-68.2039,clear sky,85.93,52,0,11.5,US,2022-07-28 16:49:07
362,Nexo,55.0607,15.1306,clear sky,60.89,69,10,7.2,DK,2022-07-28 16:49:21
363,Jibuti,11.5,42.5,few clouds,95.61,29,23,2.28,DJ,2022-07-28 16:49:21
364,Danane,7.2596,-8.155,overcast clouds,76.73,78,95,3.49,CI,2022-07-28 16:49:22
365,Hokitika,-42.7167,170.9667,overcast clouds,49.53,92,92,14.23,NZ,2022-07-28 16:50:22
366,Acari,-15.4311,-74.6158,broken clouds,69.66,62,63,8.21,PE,2022-07-28 16:50:23
367,Darnetal,49.4453,1.1514,clear sky,81.52,36,0,3.44,FR,2022-07-28 16:50:23
368,Arinos,-15.9169,-46.1056,clear sky,88.63,21,3,2.1,BR,2022-07-28 16:50:24
369,Smithers,54.7804,-127.1743,clear sky,68.32,64,0,0.0,CA,2022-07-28 16:50:24
370,Balkhash,46.844,74.9804,few clouds,80.29,38,13,12.82,KZ,2022-07-28 16:50:25
371,Elliot,-31.3333,27.85,moderate rain,49.73,86,89,6.24,ZA,2022-07-28 16:50:25
372,Wonthaggi,-38.6044,145.5913,light rain,47.34,76,12,12.66,AU,2022-07-28 16:50:25
373,San Jose,37.3394,-121.895,scattered clouds,75.54,68,40,3.44,US,2022-07-28 16:46:39
374,Kundiawa,-6.0167,144.9667,broken clouds,59.99,98,54,2.26,PG,2022-07-28 16:50:26
375,Anahuac,27.2333,-100.15,few clouds,92.64,42,24,16.2,MX,2022-07-28 16:50:26
376,Pisco,-13.7,-76.2167,overcast clouds,62.65,77,100,5.75,PE,2022-07-28 16:45:41
377,Severo-Yeniseyskiy,60.3725,93.0408,broken clouds,56.86,78,58,1.9,RU,2022-07-28 16:50:27
378,Kenai,60.5544,-151.2583,clear sky,58.08,82,0,4.61,US,2022-07-28 16:49:41
379,Malyye Derbety,47.9547,44.6808,broken clouds,85.73,36,68,3.71,RU,2022-07-28 16:50:28
380,Alta Floresta,-9.8756,-56.0861,clear sky,93.02,27,0,9.22,BR,2022-07-28 16:50:28
381,Atar,20.5169,-13.0499,clear sky,111.78,4,0,12.08,MR,2022-07-28 16:50:29
382,Puerto Escondido,15.85,-97.0667,few clouds,85.24,65,13,5.08,MX,2022-07-28 16:50:29
383,Ascension,30.2169,-90.9001,clear sky,91.99,69,0,3.44,US,2022-07-28 16:50:29
384,College,64.8569,-147.8028,broken clouds,48.29,83,75,5.75,US,2022-07-28 16:50:30
385,Batemans Bay,-35.7167,150.1833,overcast clouds,52.11,89,98,8.01,AU,2022-07-28 16:50:30
386,Narsaq,60.9167,-46.05,clear sky,49.5,57,8,7.07,GL,2022-07-28 16:50:30
387,Marsh Harbour,26.5412,-77.0636,broken clouds,83.35,69,66,11.54,BS,2022-07-28 16:50:31
388,Broken Hill,-31.95,141.4333,scattered clouds,46.49,51,49,7.31,AU,2022-07-28 16:50:31
389,Pirgos,35.1167,25.7178,clear sky,82.62,52,0,2.66,GR,2022-07-28 16:50:32
390,Gryfino,53.2524,14.4883,broken clouds,71.53,48,82,6.4,PL,2022-07-28 16:50:32
391,Gigmoto,13.7796,124.39,moderate rain,80.96,84,99,4.7,PH,2022-07-28 16:50:32
392,Cardston,49.2,-113.3019,clear sky,75.49,56,2,2.3,CA,2022-07-28 16:49:12
393,Northam,51.0333,-4.2167,scattered clouds,69.26,78,40,9.37,GB,2022-07-28 16:50:33
394,Necochea,-38.5473,-58.7368,overcast clouds,49.39,78,86,25.05,AR,2022-07-28 16:50:33
395,Chaumont,48.1167,5.1333,overcast clouds,77.85,24,96,10.74,FR,2022-07-28 16:50:34
396,Punto Fijo,11.6956,-70.1996,overcast clouds,85.24,61,87,21.12,VE,2022-07-28 16:50:34
397,Sinop,41.7711,34.8709,clear sky,70.23,86,0,4.12,TR,2022-07-28 16:49:22
398,Olafsvik,64.8945,-23.7142,overcast clouds,49.19,82,100,10.65,IS,2022-07-28 16:50:35
399,Ust-Nera,64.5667,143.2,broken clouds,58.84,60,54,5.14,RU,2022-07-28 16:50:35
400,Curvelo,-18.7564,-44.4308,few clouds,82.76,24,23,3.89,BR,2022-07-28 16:50:35
401,Parker,32.7668,-97.8003,scattered clouds,97.99,42,27,1.99,US,2022-07-28 16:47:16
402,Chamonix-Mont-Blanc,45.9238,6.8693,overcast clouds,74.19,71,99,3.67,FR,2022-07-28 16:50:36
403,La Ronge,55.1001,-105.2842,few clouds,71.85,37,20,2.3,CA,2022-07-28 16:50:36
404,Kindu,-2.95,25.95,overcast clouds,79.57,60,100,5.57,CD,2022-07-28 16:50:37
405,Boende,-0.2167,20.8667,light rain,74.46,86,100,3.65,CD,2022-07-28 16:50:37
406,Kuah,6.3265,99.8432,moderate rain,82.38,89,40,2.3,MY,2022-07-28 16:50:37
407,Touros,-5.1989,-35.4608,few clouds,82.26,66,16,17.58,BR,2022-07-28 16:46:04
408,Hervey Bay,-25.2986,152.8535,clear sky,53.02,85,0,3.0,AU,2022-07-28 16:50:38
409,Prigorodka,52.0447,39.7124,broken clouds,77.0,77,76,5.41,RU,2022-07-28 16:50:38
410,Rengo,-34.4167,-70.8667,clear sky,53.92,44,0,5.5,CL,2022-07-28 16:50:39
411,Loncoche,-39.3667,-72.6333,clear sky,53.13,68,9,2.91,CL,2022-07-28 16:50:39
412,Guanare,9.0418,-69.7421,broken clouds,86.45,59,52,3.62,VE,2022-07-28 16:51:39
413,Vargem Grande,-3.5431,-43.9158,scattered clouds,85.51,55,43,4.88,BR,2022-07-28 16:51:40
414,Lahat,-3.8,103.5333,overcast clouds,75.9,85,100,1.95,ID,2022-07-28 16:51:40
415,Luderitz,-26.6481,15.1594,few clouds,55.49,86,17,0.89,NA,2022-07-28 16:51:40
416,Gushikawa,26.3544,127.8686,clear sky,83.43,83,0,6.91,JP,2022-07-28 16:51:41
417,Vung Tau,10.346,107.0843,scattered clouds,81.79,81,30,10.54,VN,2022-07-28 16:51:41
418,Coahuayana,18.7333,-103.6833,broken clouds,89.78,53,84,4.43,MX,2022-07-28 16:51:42
419,Axim,4.8699,-2.2405,broken clouds,77.83,74,62,13.31,GH,2022-07-28 16:51:42
420,Chebsara,59.2002,38.8356,heavy intensity rain,63.73,96,99,0.49,RU,2022-07-28 16:51:43
421,Orange Cove,36.6244,-119.3137,broken clouds,94.24,30,75,8.05,US,2022-07-28 16:51:43
422,Haines Junction,60.7522,-137.5108,overcast clouds,53.55,87,100,2.3,CA,2022-07-28 16:51:43
423,Hirara,24.8,125.2833,clear sky,84.52,75,6,7.23,JP,2022-07-28 16:51:44
424,Chapada Dos Guimaraes,-15.4606,-55.7497,clear sky,83.86,14,2,5.37,BR,2022-07-28 16:50:19
425,Sagana,-0.6667,37.2,overcast clouds,69.91,60,99,5.03,KE,2022-07-28 16:51:44
426,Sungaipenuh,-2.0833,101.3833,overcast clouds,65.68,95,96,0.94,ID,2022-07-28 16:51:45
427,Dawlatabad,36.4141,64.9053,clear sky,92.23,18,0,12.77,AF,2022-07-28 16:51:45
428,Krasnokamensk,50.0979,118.0369,clear sky,59.4,70,2,2.21,RU,2022-07-28 16:51:45
429,North Bend,43.4065,-124.2243,overcast clouds,65.16,91,100,5.75,US,2022-07-28 16:51:46
430,Cheremnoye,53.1697,83.2133,clear sky,68.59,67,7,8.14,RU,2022-07-28 16:51:46
431,Saint-Augustin,51.226,-58.6502,overcast clouds,60.53,64,100,8.34,CA,2022-07-28 16:51:47
432,Tocopilla,-22.092,-70.1979,broken clouds,65.66,66,56,7.96,CL,2022-07-28 16:48:08
433,Faanui,-16.4833,-151.75,few clouds,79.36,73,12,26.46,PF,2022-07-28 16:51:47
434,Kloulklubed,7.0419,134.2556,overcast clouds,75.7,74,95,7.83,PW,2022-07-28 16:47:56
435,Naze,28.3667,129.4833,broken clouds,79.72,82,57,14.61,JP,2022-07-28 16:51:48
436,Donskoye,45.4552,41.9741,broken clouds,78.93,40,68,6.55,RU,2022-07-28 16:51:48
437,Ambon,-3.6954,128.1814,broken clouds,78.94,89,75,5.75,ID,2022-07-28 16:51:49
438,Roseburg,43.2165,-123.3417,clear sky,84.51,59,0,0.0,US,2022-07-28 16:51:49
439,Pathalgaon,22.5667,83.4667,light rain,78.66,78,100,1.79,IN,2022-07-28 16:51:49
440,Bouca,6.5105,18.2733,moderate rain,70.84,96,100,3.76,CF,2022-07-28 16:51:50
441,Aklavik,68.2191,-135.0107,light intensity drizzle,48.2,93,100,3.44,CA,2022-07-28 16:51:50
442,Sakaraha,-22.9,44.5333,clear sky,66.94,51,0,11.95,MG,2022-07-28 16:51:51
443,Kavkazskiy,44.2672,42.2347,clear sky,67.86,52,1,3.98,RU,2022-07-28 16:51:51
444,Kutahya,39.4242,29.9833,clear sky,79.3,29,0,12.01,TR,2022-07-28 16:51:51
445,West Bay,19.3667,-81.4167,scattered clouds,89.67,72,40,17.27,KY,2022-07-28 16:51:52
446,Giddalur,15.35,78.9167,overcast clouds,83.91,66,96,3.58,IN,2022-07-28 16:51:52
447,Cabinda,-5.55,12.2,broken clouds,72.43,78,82,8.23,AO,2022-07-28 16:51:52
448,Anloga,5.7947,0.8973,overcast clouds,76.96,79,100,20.83,GH,2022-07-28 16:51:08
449,Poso,-1.3959,120.7524,overcast clouds,75.79,87,92,5.12,ID,2022-07-28 16:51:53
450,Laives,46.4228,11.3348,overcast clouds,82.29,84,94,0.87,IT,2022-07-28 16:51:53
451,Chirongui,-12.9319,45.1483,clear sky,76.93,75,2,10.13,YT,2022-07-28 16:51:54
452,Homer,59.6425,-151.5483,clear sky,61.77,82,0,8.01,US,2022-07-28 16:51:54
453,Tazovskiy,67.4667,78.7,broken clouds,54.41,87,78,9.46,RU,2022-07-28 16:51:54
454,Mopti,14.6667,-4.0,overcast clouds,98.19,34,94,11.54,ML,2022-07-28 16:51:55
455,Mykolayivka,47.5414,30.7561,broken clouds,84.72,32,78,15.03,UA,2022-07-28 16:51:55
456,Spornoye,50.8448,37.2913,broken clouds,72.32,68,52,10.85,RU,2022-07-28 16:52:56
457,Kempsey,-31.0833,152.8333,few clouds,42.94,92,19,3.0,AU,2022-07-28 16:52:56
458,Baculin,7.4525,126.5842,overcast clouds,78.75,85,96,9.19,PH,2022-07-28 16:52:56
459,Chaman,30.9236,66.4512,overcast clouds,79.14,62,98,3.62,PK,2022-07-28 16:52:57
460,Rio Gallegos,-51.6226,-69.2181,overcast clouds,42.85,75,100,19.57,AR,2022-07-28 16:51:33
461,Senador Jose Porfirio,-2.5908,-51.9542,broken clouds,90.1,44,75,2.26,BR,2022-07-28 16:52:57
462,Cherskiy,68.75,161.3,scattered clouds,46.15,65,49,5.75,RU,2022-07-28 16:52:57
463,Bloomingdale,27.8936,-82.2404,scattered clouds,94.05,72,40,1.99,US,2022-07-28 16:52:58
464,Centralia,46.7162,-122.9543,clear sky,75.07,86,0,0.0,US,2022-07-28 16:51:24
465,Strathmore,51.0501,-113.3852,few clouds,79.86,57,17,9.22,CA,2022-07-28 16:52:58
466,Hambantota,6.1241,81.1185,overcast clouds,79.27,86,100,10.4,LK,2022-07-28 16:52:59
467,Qiyang,26.5911,111.8474,overcast clouds,80.64,76,100,2.84,CN,2022-07-28 16:52:59
468,Mirnyy,62.5353,113.9611,clear sky,65.95,65,0,4.85,RU,2022-07-28 16:53:00
469,Soyo,-6.1349,12.3689,broken clouds,72.61,76,72,9.1,AO,2022-07-28 16:53:00
470,Ambulu,-8.345,113.6058,scattered clouds,72.55,87,44,4.09,ID,2022-07-28 16:53:01
471,Kaeo,-35.1,173.7833,scattered clouds,53.04,82,33,6.98,NZ,2022-07-28 16:53:01
472,Nyurba,63.2842,118.3319,few clouds,66.25,79,16,5.5,RU,2022-07-28 16:53:01
473,Tilichiki,60.4667,166.1,overcast clouds,44.8,82,100,5.35,RU,2022-07-28 16:53:02
474,Dubbo,-32.25,148.6167,overcast clouds,39.33,100,100,0.0,AU,2022-07-28 16:53:02
475,Grover Beach,35.1216,-120.6213,scattered clouds,65.14,72,40,3.44,US,2022-07-28 16:53:03
476,Black River,18.0264,-77.8487,few clouds,83.89,70,15,9.15,JM,2022-07-28 16:53:03
477,Llangefni,53.2556,-4.3106,few clouds,64.26,61,20,9.22,GB,2022-07-28 16:53:04
478,Aguimes,27.9054,-15.4461,few clouds,77.67,57,20,35.68,ES,2022-07-28 16:53:05
479,Taitung,22.7583,121.1444,clear sky,81.32,79,4,3.74,TW,2022-07-28 16:53:05
480,Newport,51.5877,-2.9984,overcast clouds,74.44,60,95,6.93,GB,2022-07-28 16:51:16
481,Ishikari,43.2397,141.3539,overcast clouds,72.27,91,88,1.21,JP,2022-07-28 16:53:06
482,Ilebo,-4.3167,20.5833,overcast clouds,85.33,32,97,2.04,CD,2022-07-28 16:53:06
483,Muscat,23.6139,58.5922,broken clouds,86.97,71,69,8.72,OM,2022-07-28 16:50:40
484,San Quintin,30.4833,-115.95,scattered clouds,71.73,72,46,9.51,MX,2022-07-28 16:53:07
485,Abu Dhabi,24.4667,54.3667,clear sky,96.91,63,0,9.22,AE,2022-07-28 16:51:45
486,Fort Nelson,58.8053,-122.7002,smoke,71.19,49,100,10.36,CA,2022-07-28 16:52:07
487,Rajula,21.05,71.4333,overcast clouds,81.68,80,100,10.58,IN,2022-07-28 16:53:08
488,Abengourou,6.7297,-3.4964,overcast clouds,80.67,65,92,5.21,CI,2022-07-28 16:53:08
489,Palaikastron,35.2,26.25,clear sky,78.4,65,0,7.87,GR,2022-07-28 16:53:09
490,Rockland,41.1668,-74.0496,overcast clouds,90.1,63,100,1.01,US,2022-07-28 16:52:40
491,Bagan,54.1001,77.6646,light rain,71.65,67,82,10.98,RU,2022-07-28 16:53:10
492,Maku,39.2911,44.4521,clear sky,80.22,34,0,2.55,IR,2022-07-28 16:53:10
493,Acarau,-2.8856,-40.12,scattered clouds,86.41,55,44,18.28,BR,2022-07-28 16:53:10
494,Ambunti,-4.2365,142.8448,broken clouds,72.88,99,57,0.94,PG,2022-07-28 16:53:11
495,Bibiani,6.4635,-2.3194,overcast clouds,81.48,62,97,3.91,GH,2022-07-28 16:53:11
496,Koksovyy,48.1967,40.5989,broken clouds,78.53,50,54,6.38,RU,2022-07-28 16:53:12
497,Morondava,-20.2833,44.2833,clear sky,73.56,76,0,13.42,MG,2022-07-28 16:53:12
498,Besancon,47.2488,6.0182,overcast clouds,82.78,31,93,7.0,FR,2022-07-28 16:53:13
499,Itupiranga,-5.1347,-49.3267,clear sky,95.32,28,0,0.22,BR,2022-07-28 16:53:13
500,Samarai,-10.6167,150.6667,broken clouds,78.19,85,77,13.53,PG,2022-07-28 16:53:13
501,Kalaleh,37.3807,55.4916,mist,78.4,89,100,13.8,IR,2022-07-28 16:53:14
502,Deputatskiy,69.3,139.9,overcast clouds,50.99,52,98,4.38,RU,2022-07-28 16:53:14
503,Port Moresby,-9.4431,147.1797,few clouds,74.62,94,20,11.5,PG,2022-07-28 16:50:42
504,Minab,27.1467,57.0801,scattered clouds,88.12,74,40,4.61,IR,2022-07-28 16:54:15
505,Sinegorye,62.0788,150.477,light rain,51.67,83,100,6.64,RU,2022-07-28 16:54:16
506,Sayyan,15.1718,44.3244,overcast clouds,67.08,54,85,3.91,YE,2022-07-28 16:54:16
507,Camacupa,-12.0167,17.4833,overcast clouds,68.07,19,98,5.53,AO,2022-07-28 16:54:16
508,Yishui,35.7847,118.6281,overcast clouds,74.12,96,100,4.92,CN,2022-07-28 16:54:17
509,Lazaro Cardenas,17.9583,-102.2,overcast clouds,83.97,68,95,2.84,MX,2022-07-28 16:51:06
510,Brive-La-Gaillarde,45.25,1.5,scattered clouds,84.83,11,29,5.12,FR,2022-07-28 16:54:18
511,Sosnogorsk,63.6023,53.8817,scattered clouds,67.35,55,33,5.08,RU,2022-07-28 16:54:18
512,Lugo,43.0,-7.5,scattered clouds,75.76,62,50,5.01,ES,2022-07-28 16:54:18
513,Porto Belo,-27.1578,-48.5531,broken clouds,83.79,66,59,9.8,BR,2022-07-28 16:53:19
514,Shihezi,44.3,86.0333,overcast clouds,85.15,28,98,7.16,CN,2022-07-28 16:54:19
515,Yaypan,40.3758,70.8156,broken clouds,90.12,19,57,13.29,UZ,2022-07-28 16:54:20
516,Kankaanpaa,61.8,22.4167,overcast clouds,57.96,75,96,8.32,FI,2022-07-28 16:54:20
517,Atbasar,51.8,68.3333,overcast clouds,65.34,83,100,8.12,KZ,2022-07-28 16:54:21
518,Worthington,40.0931,-83.018,overcast clouds,84.47,64,87,3.0,US,2022-07-28 16:54:21
519,Caravelas,-17.7125,-39.2481,few clouds,78.28,55,20,7.81,BR,2022-07-28 16:52:39
520,Bouna,9.2667,-3.0,moderate rain,78.55,78,99,6.11,CI,2022-07-28 16:54:22
521,North Battleford,52.7834,-108.2847,few clouds,77.4,49,20,8.05,CA,2022-07-28 16:54:22
522,Amboise,47.4125,0.9827,clear sky,86.14,31,0,5.75,FR,2022-07-28 16:54:23
523,La Ceiba,15.7597,-86.7822,broken clouds,87.62,62,75,6.91,HN,2022-07-28 16:54:23
524,Ambilobe,-13.2,49.05,overcast clouds,70.29,81,87,1.23,MG,2022-07-28 16:54:23
525,Maarianhamina,60.0973,19.9348,clear sky,60.66,51,0,12.66,AX,2022-07-28 16:54:24
526,Calama,-22.4667,-68.9333,clear sky,73.89,8,0,8.05,CL,2022-07-28 16:54:24
527,Bereda,43.2686,-7.5406,broken clouds,76.41,53,58,6.17,ES,2022-07-28 16:54:25
528,The Valley,18.217,-63.0578,few clouds,87.66,62,20,17.27,AI,2022-07-28 16:53:53
529,Labuhan,-6.8844,112.2051,scattered clouds,77.04,82,37,7.74,ID,2022-07-28 16:54:25
530,Springbok,-29.6643,17.8865,clear sky,46.4,86,1,4.92,ZA,2022-07-28 16:54:26
531,Soure,-0.7167,-48.5233,clear sky,86.56,55,8,3.91,BR,2022-07-28 16:54:26
532,Peniche,39.3558,-9.3811,few clouds,76.28,75,22,17.94,PT,2022-07-28 16:54:26
533,Laguna,38.421,-121.4238,clear sky,87.96,72,0,0.0,US,2022-07-28 16:54:27
534,Port Blair,11.6667,92.75,few clouds,82.31,79,12,5.86,IN,2022-07-28 16:54:27
535,Ilhabela,-23.7781,-45.3581,few clouds,81.55,47,20,4.27,BR,2022-07-28 16:51:55
536,Caibarien,22.5206,-79.4669,clear sky,84.54,69,2,17.05,CU,2022-07-28 16:54:28
537,Grindavik,63.8424,-22.4338,broken clouds,48.67,93,75,16.11,IS,2022-07-28 16:54:28
538,Esna,25.2934,32.554,clear sky,102.22,12,8,10.69,EG,2022-07-28 16:54:29
539,Gladstone,-23.85,151.25,clear sky,51.78,81,0,8.05,AU,2022-07-28 16:54:29
540,Boshnyakovo,49.6333,142.1667,broken clouds,56.37,91,77,4.34,RU,2022-07-28 16:54:29
541,Biltine,14.5333,20.9167,broken clouds,87.26,50,60,9.13,TD,2022-07-28 16:54:30
542,Takapau,-40.0333,176.35,broken clouds,49.73,76,63,14.81,NZ,2022-07-28 16:54:30
543,Buzdyak,54.5833,54.55,scattered clouds,61.14,80,33,6.69,RU,2022-07-28 16:54:30
544,Verkhoyansk,67.5447,133.385,overcast clouds,70.84,59,100,3.69,RU,2022-07-28 16:54:31
545,Port Lincoln,-34.7333,135.8667,overcast clouds,52.88,82,97,14.29,AU,2022-07-28 16:54:31
546,Tabas,33.5959,56.9244,few clouds,100.04,17,22,13.2,IR,2022-07-28 16:54:32
547,Belyy Yar,53.6039,91.3903,clear sky,60.85,65,0,4.47,RU,2022-07-28 16:54:32
548,Chor,25.5167,69.7667,overcast clouds,85.86,67,99,18.88,PK,2022-07-28 16:54:32
549,Asyut,27.181,31.1837,clear sky,100.58,12,8,8.25,EG,2022-07-28 16:54:33
550,Ust-Koksa,50.2696,85.6108,broken clouds,60.12,61,81,1.43,RU,2022-07-28 16:55:33
551,Brae,60.3964,-1.353,overcast clouds,57.87,70,99,10.18,GB,2022-07-28 16:55:33
552,Caxito,-8.5785,13.6643,overcast clouds,73.09,72,100,8.86,AO,2022-07-28 16:55:34
553,Bull Savanna,17.8868,-77.5902,few clouds,80.69,71,14,10.2,JM,2022-07-28 16:55:34
554,Comodoro Rivadavia,-45.8667,-67.5,clear sky,53.46,40,0,31.07,AR,2022-07-28 16:55:34
555,Copiapo,-27.3667,-70.3333,broken clouds,53.29,40,67,4.7,CL,2022-07-28 16:55:35
556,Nuuk,64.1835,-51.7216,broken clouds,44.6,79,80,10.6,GL,2022-07-28 16:55:35
557,Balakhninskiy,58.0106,114.2769,broken clouds,62.42,71,59,1.86,RU,2022-07-28 16:55:36
558,Bambanglipuro,-7.95,110.2833,broken clouds,73.63,90,75,5.23,ID,2022-07-28 16:55:36
559,Jarvakandi,58.7789,24.8258,overcast clouds,62.02,80,100,6.04,EE,2022-07-28 16:55:36
560,Santa Engracia,41.9406,-1.3245,scattered clouds,96.98,23,43,4.5,ES,2022-07-28 16:55:37
561,Channel-Port Aux Basques,47.5702,-59.1367,broken clouds,65.08,79,60,9.57,CA,2022-07-28 16:55:37
562,Santa,17.486,120.4348,scattered clouds,79.02,87,43,3.51,PH,2022-07-28 16:55:37
563,Lavrentiya,65.5833,-171.0,overcast clouds,42.71,89,100,5.44,RU,2022-07-28 16:55:38
564,Akyab,20.15,92.9,broken clouds,83.62,77,71,7.7,MM,2022-07-28 16:55:38
565,Miles City,46.4083,-105.8406,clear sky,78.17,24,0,2.48,US,2022-07-28 16:55:39
566,Iberia,29.9502,-91.7507,scattered clouds,89.58,56,28,6.46,US,2022-07-28 16:55:39
567,Laishevo,55.4046,49.5504,clear sky,73.62,70,3,7.54,RU,2022-07-28 16:55:39
568,Nizwa,22.9333,57.5333,broken clouds,83.61,61,58,10.31,OM,2022-07-28 16:55:40
569,Sisimiut,66.9395,-53.6735,overcast clouds,43.86,81,100,5.59,GL,2022-07-28 16:55:40
570,Zhezkazgan,47.8043,67.7144,scattered clouds,76.48,44,37,15.37,KZ,2022-07-28 16:55:40
571,Polunochnoye,60.8697,60.4153,clear sky,59.49,69,0,1.97,RU,2022-07-28 16:55:41
572,Carauari,-4.8828,-66.8958,few clouds,95.2,38,23,1.3,BR,2022-07-28 16:55:41
573,Pokrovskoye,47.4157,38.8971,broken clouds,82.27,43,82,4.63,RU,2022-07-28 16:55:41
574,Cruz Das Almas,-12.67,-39.1019,broken clouds,75.52,66,72,8.55,BR,2022-07-28 16:51:06
575,Borborema,-21.6197,-49.0736,few clouds,88.86,20,11,8.32,BR,2022-07-28 16:55:42
576,Saurimo,-9.6608,20.3916,broken clouds,73.26,21,52,2.17,AO,2022-07-28 16:55:42
577,Grand Gaube,-20.0064,57.6608,clear sky,70.38,72,2,3.0,MU,2022-07-28 16:55:08
578,Jinka,5.65,36.65,light rain,68.18,62,96,1.3,ET,2022-07-28 16:55:43
579,Vanimo,-2.6741,141.3028,scattered clouds,77.67,90,49,6.11,PG,2022-07-28 16:55:43
580,Sfantu Gheorghe,45.8667,25.7833,overcast clouds,71.92,90,99,3.91,RO,2022-07-28 16:55:44
581,Baker City,44.7749,-117.8344,clear sky,88.47,24,5,8.25,US,2022-07-28 16:55:44
582,Vagur,61.4732,-6.8119,overcast clouds,52.48,90,99,13.0,FO,2022-07-28 16:55:44
583,Roebourne,-20.7833,117.1333,light rain,69.13,66,1,5.12,AU,2022-07-28 16:55:45
584,Tumut,-35.3,148.2167,scattered clouds,37.98,95,41,1.54,AU,2022-07-28 16:55:45
585,Myanaung,18.2833,95.3167,scattered clouds,84.85,71,48,0.63,MM,2022-07-28 16:55:45
586,Bahia De Caraquez,-0.6,-80.4167,overcast clouds,75.38,79,99,5.86,EC,2022-07-28 16:55:46
587,Avera,33.194,-82.5271,overcast clouds,91.54,43,100,7.87,US,2022-07-28 16:55:46
588,Santa Isabel Do Rio Negro,-0.4139,-65.0192,broken clouds,88.9,57,63,3.06,BR,2022-07-28 16:55:46
589,Vao,-22.6667,167.4833,clear sky,69.15,69,0,11.68,NC,2022-07-28 16:55:47
590,Ciudad Bolivar,8.1222,-63.5497,broken clouds,91.76,48,65,3.51,VE,2022-07-28 16:55:47
591,Cayenne,4.9333,-52.3333,broken clouds,87.1,22,75,9.22,GF,2022-07-28 16:55:48
592,Esperance,-33.8667,121.9,few clouds,58.06,67,15,12.59,AU,2022-07-28 16:55:48
593,Luganville,-15.5333,167.1667,overcast clouds,77.63,86,97,6.22,VU,2022-07-28 16:55:48
594,Walvis Bay,-22.9575,14.5053,few clouds,58.15,67,18,8.05,NA,2022-07-28 16:55:49
595,Tessalit,20.1986,1.0114,scattered clouds,103.57,16,31,16.64,ML,2022-07-28 16:55:49
596,Anadyr,64.75,177.4833,scattered clouds,50.5,81,40,8.95,RU,2022-07-28 16:55:50
597,Qaqortoq,60.7167,-46.0333,clear sky,45.82,73,10,5.35,GL,2022-07-28 16:56:50
598,Sibolga,1.7427,98.7792,overcast clouds,76.14,89,99,2.1,ID,2022-07-28 16:56:50
599,Panama City,8.9936,-79.5197,broken clouds,85.95,83,75,5.75,PA,2022-07-28 16:55:57
600,Turukhansk,65.8167,87.9833,scattered clouds,57.22,74,38,10.63,RU,2022-07-28 16:56:51
601,Nortelandia,-14.4547,-56.8028,scattered clouds,96.1,15,42,6.2,BR,2022-07-28 16:56:51
602,Aleksandrovsk-Sakhalinskiy,50.8975,142.1561,broken clouds,56.57,88,61,4.23,RU,2022-07-28 16:56:52
603,Bania,44.8958,22.0447,light rain,81.63,58,67,4.38,RO,2022-07-28 16:56:52
604,Amla,21.9333,78.1167,overcast clouds,73.85,93,100,4.0,IN,2022-07-28 16:56:52
605,Saint-Francois,46.4154,3.9054,clear sky,81.84,32,0,10.36,FR,2022-07-28 16:56:53
606,Bhadrachalam,17.6667,80.8833,overcast clouds,81.12,83,100,1.63,IN,2022-07-28 16:56:53
607,Margate,51.3813,1.3862,overcast clouds,70.3,65,100,4.0,GB,2022-07-28 16:56:53
608,Kennett,36.2362,-90.0556,few clouds,82.96,81,20,11.5,US,2022-07-28 16:56:54
609,Corsicana,32.0954,-96.4689,clear sky,94.75,49,2,4.0,US,2022-07-28 16:56:54
610,Caucaia,-3.7361,-38.6531,few clouds,88.3,68,20,12.66,BR,2022-07-28 16:56:54
611,Mandal,25.45,74.5667,overcast clouds,79.57,76,93,7.85,IN,2022-07-28 16:56:55
612,Yerofey Pavlovich,53.9667,121.9667,light rain,60.1,96,96,0.94,RU,2022-07-28 16:56:55
613,Nishihara,26.1842,127.7558,broken clouds,83.48,84,67,8.05,JP,2022-07-28 16:56:55
614,Lufilufi,-13.8745,-171.5986,light rain,69.58,78,30,19.06,WS,2022-07-28 16:56:56
615,Luwuk,-0.9516,122.7875,overcast clouds,75.85,89,97,5.14,ID,2022-07-28 16:56:56
616,Skagen,57.7209,10.5839,clear sky,62.55,67,2,6.13,DK,2022-07-28 16:56:57
617,Baruun-Urt,46.6806,113.2792,scattered clouds,64.38,52,29,14.72,MN,2022-07-28 16:56:57
618,Linxia,35.6003,103.2064,clear sky,57.49,78,10,3.44,CN,2022-07-28 16:56:57
619,Kota Kinabalu,5.9749,116.0724,few clouds,76.98,88,20,6.91,MY,2022-07-28 16:56:58
620,Gwadar,25.1216,62.3254,overcast clouds,82.17,75,94,7.56,PK,2022-07-28 16:56:58
621,Yelandur,12.0667,77.0333,overcast clouds,79.93,66,100,2.73,IN,2022-07-28 16:56:58
622,Ribeira Brava,32.65,-17.0667,clear sky,79.43,75,1,2.06,PT,2022-07-28 16:56:59
623,Minador Do Negrao,-9.3053,-36.8647,broken clouds,75.22,79,82,7.83,BR,2022-07-28 16:52:15
624,Pelym,61.0108,61.9978,clear sky,63.21,50,0,3.42,RU,2022-07-28 16:56:59
625,Thinadhoo,0.5333,72.9333,overcast clouds,83.28,73,93,13.22,MV,2022-07-28 16:57:00
626,Pontal Do Parana,-25.6533,-48.5128,broken clouds,87.98,44,57,3.53,BR,2022-07-28 16:57:00
627,Banda Aceh,5.5577,95.3222,overcast clouds,79.09,83,97,12.59,ID,2022-07-28 16:57:01
628,Yar-Sale,66.8333,70.8333,overcast clouds,65.44,63,96,4.07,RU,2022-07-28 16:57:01
629,Manta,-0.95,-80.7333,overcast clouds,74.98,83,100,4.61,EC,2022-07-28 16:57:01
630,Shingu,33.7333,135.9833,light rain,77.29,92,35,4.27,JP,2022-07-28 16:57:02
631,Lorengau,-2.0226,147.2712,broken clouds,81.1,79,67,10.65,PG,2022-07-28 16:57:03
632,Mattru,7.6244,-11.8332,light rain,76.24,86,92,6.49,SL,2022-07-28 16:57:03
633,Mucurapo,10.6667,-61.5333,scattered clouds,89.65,77,43,8.01,TT,2022-07-28 16:57:03
634,Talara,-4.5772,-81.2719,clear sky,75.96,60,0,16.11,PE,2022-07-28 16:57:04
635,Millau,44.0833,2.9167,few clouds,84.33,30,17,7.63,FR,2022-07-28 16:57:05
636,Toppenish,46.3774,-120.3087,clear sky,94.71,18,0,2.42,US,2022-07-28 16:57:05
637,Kyren,51.6828,102.1408,overcast clouds,55.35,90,88,1.7,RU,2022-07-28 16:57:06
638,Tiverton,50.9,-3.4833,few clouds,70.9,62,20,10.36,GB,2022-07-28 16:57:06
639,Eureka,40.8021,-124.1637,broken clouds,58.93,88,79,1.01,US,2022-07-28 16:57:06
640,Ossora,59.2353,163.0719,broken clouds,48.18,78,71,3.44,RU,2022-07-28 16:57:07
641,Stokmarknes,68.5646,14.9108,broken clouds,53.58,71,75,4.61,NO,2022-07-28 16:57:07
642,Port Hardy,50.6996,-127.4199,few clouds,59.18,94,20,2.3,CA,2022-07-28 16:57:08
643,Olyka,50.7186,25.8125,overcast clouds,71.92,62,91,6.38,UA,2022-07-28 16:58:08
644,Te Anau,-45.4167,167.7167,overcast clouds,41.36,95,100,1.05,NZ,2022-07-28 16:58:09
645,Yamada,39.4667,141.95,clear sky,70.95,94,5,3.62,JP,2022-07-28 16:58:09
646,Jamsa,61.8642,25.19,overcast clouds,62.15,64,94,7.81,FI,2022-07-28 16:58:10
647,Port Arthur,38.8,121.2667,overcast clouds,77.22,60,100,10.31,CN,2022-07-28 16:58:10
648,Cidreira,-30.1811,-50.2056,overcast clouds,72.28,71,100,4.25,BR,2022-07-28 16:58:10
649,Rolla,37.9514,-91.7713,scattered clouds,88.05,66,39,5.99,US,2022-07-28 16:55:40
650,Beloha,-25.1667,45.05,few clouds,63.63,84,11,11.03,MG,2022-07-28 16:58:11
651,Havoysund,70.9963,24.6622,overcast clouds,50.23,80,92,17.29,NO,2022-07-28 16:58:12
652,Urumqi,43.801,87.6005,clear sky,83.35,26,0,6.71,CN,2022-07-28 16:58:12
653,Kalanguy,51.0167,116.5167,few clouds,53.98,78,13,3.09,RU,2022-07-28 16:58:12
654,Ochakiv,46.6128,31.5498,broken clouds,78.21,62,78,10.36,UA,2022-07-28 16:58:13
655,Coihaique,-45.5752,-72.0662,scattered clouds,48.15,46,40,10.36,CL,2022-07-28 16:58:13
656,Pontianak,-0.0333,109.3333,broken clouds,75.4,95,69,1.86,ID,2022-07-28 16:56:58
657,Leirvik,59.7798,5.5005,clear sky,64.85,67,0,13.8,NO,2022-07-28 16:58:14
658,Sigli,5.3848,95.9609,overcast clouds,78.35,84,89,3.02,ID,2022-07-28 16:58:14
659,Virginia Beach,36.8529,-75.978,broken clouds,94.05,66,72,5.01,US,2022-07-28 16:56:58
660,Saurikh,27.029,79.4896,overcast clouds,88.79,65,100,4.61,IN,2022-07-28 16:58:15
661,Hasaki,35.7333,140.8333,overcast clouds,79.2,90,95,8.61,JP,2022-07-28 16:58:15
662,Alamosa,37.4695,-105.87,overcast clouds,70.05,50,92,4.76,US,2022-07-28 16:57:39
663,Lasa,46.6166,10.7002,overcast clouds,69.22,86,87,4.5,IT,2022-07-28 16:58:16
664,Ligayan,4.6533,119.4706,scattered clouds,83.88,68,46,3.51,PH,2022-07-28 16:58:17
665,Lindas,60.7381,5.16,scattered clouds,66.72,67,28,8.34,NO,2022-07-28 16:58:17
666,Weyburn,49.6668,-103.8511,clear sky,66.42,52,0,3.44,CA,2022-07-28 16:58:18
667,Rock Springs,41.5875,-109.2029,clear sky,79.23,42,9,1.99,US,2022-07-28 16:58:18
668,Ketchikan,55.3422,-131.6461,clear sky,67.1,68,0,6.49,US,2022-07-28 16:58:18
