City_ID,City,Country,Date,Current Description,Lat,Lng,Max Temp,Humidity,Cloudiness,Wind Speed
0,Hasaki,JP,2022-07-28 19:39:04,broken clouds,35.7333,140.8333,77.4,90,79,10.94
1,Tessalit,ML,2022-07-28 19:39:04,overcast clouds,20.1986,1.0114,95.56,23,91,11.41
2,Vermillion,US,2022-07-28 19:39:04,clear sky,42.7794,-96.9292,75.36,20,5,12.24
3,Yellowknife,CA,2022-07-28 19:37:58,broken clouds,62.456,-114.3525,64.92,68,75,10.36
4,Saint-Philippe,RE,2022-07-28 19:39:05,clear sky,-21.3585,55.7679,67.21,84,4,8.86
5,Superior,US,2022-07-28 19:39:05,broken clouds,46.7208,-92.1041,74.7,56,75,13.8
6,Port Elizabeth,ZA,2022-07-28 19:34:46,clear sky,-33.918,25.5701,61.09,96,0,4.61
7,Victoria,HK,2022-07-28 19:39:03,overcast clouds,22.2855,114.1577,87.33,80,100,4.0
8,Kaeo,NZ,2022-07-28 19:39:06,broken clouds,-35.1,173.7833,52.32,83,54,6.04
9,Jamestown,US,2022-07-28 19:36:56,few clouds,42.097,-79.2353,82.06,44,20,16.11
10,Deputatskiy,RU,2022-07-28 19:39:07,overcast clouds,69.3,139.9,50.23,55,100,4.29
11,Tuktoyaktuk,CA,2022-07-28 19:39:07,light rain,69.4541,-133.0374,44.6,93,100,10.36
12,Kavieng,PG,2022-07-28 19:39:08,light rain,-2.5744,150.7967,80.83,79,57,17.34
13,Albany,US,2022-07-28 19:36:16,overcast clouds,42.6001,-73.9662,90.05,54,100,7.49
14,Pokhara,NP,2022-07-28 19:39:09,light rain,28.2333,83.9833,72.32,83,100,1.72
15,Sitka,US,2022-07-28 19:38:25,light rain,57.0531,-135.33,58.89,88,100,3.44
16,Caravelas,BR,2022-07-28 19:38:55,clear sky,-17.7125,-39.2481,72.7,72,0,6.38
17,Tomatlan,MX,2022-07-28 19:39:10,broken clouds,19.9333,-105.25,90.61,49,53,10.85
18,Butaritari,KI,2022-07-28 19:39:10,scattered clouds,3.0707,172.7902,81.93,72,41,15.32
19,Cidreira,BR,2022-07-28 19:39:11,heavy intensity rain,-30.1811,-50.2056,65.25,93,100,9.95
20,Punta Arenas,CL,2022-07-28 19:37:21,light intensity shower rain,-53.15,-70.9167,44.71,81,75,28.77
21,Rikitea,PF,2022-07-28 19:39:11,overcast clouds,-23.1203,-134.9692,73.45,73,91,21.36
22,Busselton,AU,2022-07-28 19:39:12,overcast clouds,-33.65,115.3333,59.81,83,100,18.52
23,Krasnoselkup,RU,2022-07-28 19:39:13,clear sky,65.7,82.4667,52.21,82,0,9.35
24,La Ronge,CA,2022-07-28 19:39:13,few clouds,55.1001,-105.2842,75.42,33,20,9.22
25,Lasa,IT,2022-07-28 19:39:15,overcast clouds,46.6166,10.7002,70.68,94,98,2.44
26,East London,ZA,2022-07-28 19:39:12,few clouds,-33.0153,27.9116,69.85,57,15,16.93
27,Coahuayana,MX,2022-07-28 19:39:15,broken clouds,18.7333,-103.6833,88.9,60,51,6.69
28,Hay River,CA,2022-07-28 19:39:16,light rain,60.8156,-115.7999,62.58,88,100,2.3
29,Hobart,AU,2022-07-28 19:35:51,scattered clouds,-42.8794,147.3294,41.05,83,40,5.75
30,Cape Town,ZA,2022-07-28 19:39:17,broken clouds,-33.9258,18.4232,60.89,81,75,19.57
31,Mataura,NZ,2022-07-28 19:39:17,overcast clouds,-46.1927,168.8643,47.48,98,100,3.13
32,Fez,MA,2022-07-28 19:38:03,few clouds,34.0372,-4.9998,88.05,32,20,9.22
33,Hithadhoo,MV,2022-07-28 19:39:18,overcast clouds,-0.6,73.0833,82.18,74,100,11.72
34,Sorland,NO,2022-07-28 19:39:18,broken clouds,67.667,12.6934,53.46,75,51,14.03
35,Bluff,NZ,2022-07-28 19:39:18,overcast clouds,-46.6,168.3333,47.8,75,100,11.74
36,Bethel,US,2022-07-28 19:39:19,clear sky,41.3712,-73.414,90.18,69,0,10.36
37,The Valley,AI,2022-07-28 19:39:19,scattered clouds,18.217,-63.0578,86.14,62,40,14.97
38,Punta Alta,AR,2022-07-28 19:34:50,clear sky,-38.8759,-62.0736,52.11,54,0,10.87
39,Lompoc,US,2022-07-28 19:35:16,mist,34.6391,-120.4579,86.02,73,0,14.97
40,Sao Filipe,CV,2022-07-28 19:39:20,scattered clouds,14.8961,-24.4956,79.38,79,32,11.5
41,Grand Gaube,MU,2022-07-28 19:39:20,clear sky,-20.0064,57.6608,70.2,75,2,1.99
42,Hovd,MN,2022-07-28 19:39:21,broken clouds,48.0056,91.6419,62.4,41,80,2.71
43,Mehamn,NO,2022-07-28 19:39:01,light intensity drizzle,71.0357,27.8492,49.95,81,75,8.05
44,Kapaa,US,2022-07-28 19:39:22,light rain,22.0752,-159.319,80.58,74,100,10.36
45,Turukhansk,RU,2022-07-28 19:39:22,clear sky,65.8167,87.9833,53.11,82,0,9.82
46,Chifeng,CN,2022-07-28 19:39:13,light rain,42.2683,118.9636,64.11,86,100,3.89
47,Coolum Beach,AU,2022-07-28 19:40:22,clear sky,-26.5333,153.1,52.25,77,0,5.03
48,Altamira,BR,2022-07-28 19:40:23,few clouds,-3.2033,-52.2064,92.53,40,18,1.88
49,Volsk,RU,2022-07-28 19:40:23,clear sky,52.0333,47.3833,69.42,72,0,5.59
50,Metro,ID,2022-07-28 19:40:24,overcast clouds,-5.1131,105.3067,75.96,91,92,2.04
51,Adrar,MR,2022-07-28 19:40:24,clear sky,20.5022,-10.0711,104.36,7,2,8.59
52,Praia Da Vitoria,PT,2022-07-28 19:40:24,scattered clouds,38.7333,-27.0667,77.25,73,40,4.59
53,Brae,GB,2022-07-28 19:40:25,overcast clouds,60.3964,-1.353,55.04,78,100,9.15
54,Norman Wells,CA,2022-07-28 19:40:25,broken clouds,65.282,-126.8329,60.84,63,75,6.91
55,Chokurdakh,RU,2022-07-28 19:40:25,overcast clouds,70.6333,147.9167,49.44,48,100,12.48
56,Qaanaaq,GL,2022-07-28 19:40:26,few clouds,77.484,-69.3632,41.22,68,11,2.95
57,Guaratuba,BR,2022-07-28 19:40:26,overcast clouds,-25.8828,-48.5747,89.55,61,100,4.38
58,Poyarkovo,RU,2022-07-28 19:40:27,overcast clouds,49.6,128.6833,69.35,94,93,3.69
59,Wanning,CN,2022-07-28 19:40:27,scattered clouds,18.8003,110.3967,79.54,85,30,5.95
60,Mananara,MG,2022-07-28 19:40:28,light rain,-16.1667,49.7667,66.09,94,58,4.59
61,Haines Junction,CA,2022-07-28 19:40:28,overcast clouds,60.7522,-137.5108,60.75,59,100,2.3
62,Syamzha,RU,2022-07-28 19:40:29,moderate rain,60.0158,41.0614,62.22,98,71,3.51
63,New Norfolk,AU,2022-07-28 19:40:29,light rain,-42.7826,147.0587,40.71,84,7,1.01
64,Biloela,AU,2022-07-28 19:40:29,clear sky,-24.4167,150.5,47.66,72,0,5.53
65,Vao,NC,2022-07-28 19:40:30,overcast clouds,-22.6667,167.4833,69.03,66,100,12.41
66,Moree,AU,2022-07-28 19:40:30,clear sky,-29.4667,149.85,42.24,83,0,7.23
67,Saldanha,ZA,2022-07-28 19:40:31,few clouds,-33.0117,17.9442,59.05,87,14,11.16
68,Alyangula,AU,2022-07-28 19:40:31,broken clouds,-13.8483,136.4192,67.66,81,71,10.02
69,Sao Felix Do Xingu,BR,2022-07-28 19:38:02,few clouds,-6.6447,-51.995,93.6,23,14,2.64
70,Barrow,US,2022-07-28 19:38:33,light snow,71.2906,-156.7887,33.4,99,100,12.33
71,Xuanzhou,CN,2022-07-28 19:40:32,overcast clouds,30.9525,118.7553,75.0,85,100,2.01
72,Hami,CN,2022-07-28 19:40:32,scattered clouds,42.8,93.45,86.86,11,46,14.61
73,Bermeo,ES,2022-07-28 19:40:32,overcast clouds,43.4209,-2.7215,71.8,73,94,1.77
74,Santa Cruz,BO,2022-07-28 19:40:33,scattered clouds,-17.8,-63.1667,87.85,45,40,23.02
75,Upernavik,GL,2022-07-28 19:40:33,overcast clouds,72.7868,-56.1549,43.05,69,100,5.75
76,Juegang,CN,2022-07-28 19:40:34,clear sky,32.3174,121.1855,82.9,95,0,9.62
77,Sergeyevka,KZ,2022-07-28 19:40:34,overcast clouds,53.88,67.4158,60.93,97,100,11.52
78,Inhambane,MZ,2022-07-28 19:40:34,clear sky,-23.865,35.3833,63.57,72,0,3.69
79,La Paz,BO,2022-07-28 19:40:35,scattered clouds,-16.5,-68.15,67.98,10,40,4.61
80,Rakkestad,NO,2022-07-28 19:40:35,few clouds,59.4251,11.3454,63.66,67,15,2.08
81,Ponta Do Sol,PT,2022-07-28 19:40:35,clear sky,32.6667,-17.1,75.7,81,1,2.93
82,Angoche,MZ,2022-07-28 19:40:36,light rain,-16.2325,39.9086,69.31,81,31,8.63
83,Manaus,BR,2022-07-28 19:39:55,scattered clouds,-3.1019,-60.025,93.7,49,40,5.75
84,Mahebourg,MU,2022-07-28 19:38:15,broken clouds,-20.4081,57.7,70.25,78,75,6.91
85,Korla,CN,2022-07-28 19:40:36,overcast clouds,41.7597,86.1469,90.88,16,99,15.79
86,Beidao,CN,2022-07-28 19:40:37,clear sky,34.5686,105.8933,65.93,69,1,2.95
87,San Patricio,US,2022-07-28 19:40:37,broken clouds,28.017,-97.5169,98.17,41,61,18.86
88,Airai,TL,2022-07-28 19:40:37,broken clouds,-8.9266,125.4092,51.17,80,76,3.85
89,Nikolskoye,RU,2022-07-28 19:40:38,overcast clouds,59.7035,30.7861,61.81,78,100,3.74
90,Longjiang,CN,2022-07-28 19:40:38,moderate rain,47.3303,123.1836,67.3,97,100,4.34
91,Atuona,PF,2022-07-28 19:40:39,light rain,-9.8,-139.0333,76.73,77,28,24.96
92,Sioux Lookout,CA,2022-07-28 19:38:26,broken clouds,50.1001,-91.917,60.87,88,75,8.05
93,Anadyr,RU,2022-07-28 19:40:22,scattered clouds,64.75,177.4833,52.3,81,40,11.18
94,Sangar,RU,2022-07-28 19:41:39,clear sky,63.9242,127.4739,65.97,73,6,1.12
95,Manoel Urbano,BR,2022-07-28 19:41:40,scattered clouds,-8.8389,-69.2597,95.54,28,26,0.65
96,Ribeira Grande,PT,2022-07-28 19:37:31,broken clouds,38.5167,-28.7,75.6,69,75,6.91
97,Novoagansk,RU,2022-07-28 19:41:40,clear sky,61.9449,76.6625,53.91,84,7,6.71
98,Beloha,MG,2022-07-28 19:41:41,clear sky,-25.1667,45.05,63.59,84,4,11.52
99,Puerto Ayora,EC,2022-07-28 19:41:41,broken clouds,-0.7393,-90.3518,78.76,89,77,10.0
100,Tromso,NO,2022-07-28 19:41:28,broken clouds,69.6496,18.957,51.82,76,75,2.3
101,Ketchikan,US,2022-07-28 19:41:42,clear sky,55.3422,-131.6461,72.72,55,1,7.11
102,Hilo,US,2022-07-28 19:38:30,few clouds,19.7297,-155.09,84.27,76,20,3.44
103,Broken Hill,AU,2022-07-28 19:41:42,overcast clouds,-31.95,141.4333,45.0,52,100,6.85
104,Nemuro,JP,2022-07-28 19:41:42,broken clouds,43.3236,145.575,59.38,94,83,4.81
105,Riyadh,SA,2022-07-28 19:41:30,overcast clouds,24.6877,46.7219,93.34,36,100,5.23
106,Ushuaia,AR,2022-07-28 19:37:02,broken clouds,-54.8,-68.3,46.06,53,75,17.27
107,Dikson,RU,2022-07-28 19:38:19,overcast clouds,73.5069,80.5464,43.39,100,100,15.93
108,Mount Darwin,ZW,2022-07-28 19:41:43,clear sky,-16.7725,31.5838,56.88,33,0,7.76
109,Port Alfred,ZA,2022-07-28 19:41:44,clear sky,-33.5906,26.891,63.18,86,1,1.01
110,Nantucket,US,2022-07-28 19:40:25,clear sky,41.2835,-70.0995,82.54,81,0,13.8
111,Avarua,CK,2022-07-28 19:41:45,broken clouds,-21.2078,-159.775,77.05,78,75,21.85
112,Klaksvik,FO,2022-07-28 19:41:45,broken clouds,62.2266,-6.589,54.52,91,84,15.01
113,Cortez,US,2022-07-28 19:38:02,scattered clouds,37.3489,-108.5859,81.93,46,40,10.36
114,Emba,KZ,2022-07-28 19:41:19,scattered clouds,48.8264,58.1442,74.91,47,36,5.23
115,Cherskiy,RU,2022-07-28 19:37:39,clear sky,68.75,161.3,53.74,50,7,4.0
116,Vaini,TO,2022-07-28 19:37:45,few clouds,-21.2,-175.2,73.56,100,20,6.91
117,Saskylakh,RU,2022-07-28 19:41:46,light rain,71.9167,114.0833,61.2,82,100,6.11
118,Srikakulam,IN,2022-07-28 19:41:46,clear sky,18.3,83.9,81.68,79,9,5.01
119,Bonavista,CA,2022-07-28 19:41:47,overcast clouds,48.6499,-53.1147,54.66,87,98,16.87
120,Faanui,PF,2022-07-28 19:38:32,light rain,-16.4833,-151.75,79.39,71,1,24.65
121,Saint-Joseph,RE,2022-07-28 19:41:47,clear sky,-21.3667,55.6167,66.2,82,2,9.22
122,Canavieiras,BR,2022-07-28 19:41:48,clear sky,-15.675,-38.9472,78.76,74,2,5.68
123,Coquimbo,CL,2022-07-28 19:39:56,clear sky,-29.9533,-71.3436,60.53,67,0,11.5
124,Praya,CV,2022-07-28 19:38:46,clear sky,14.9215,-23.5087,90.14,31,0,9.22
125,Ulladulla,AU,2022-07-28 19:41:49,overcast clouds,-35.35,150.4667,47.48,83,89,6.51
126,Aripuana,BR,2022-07-28 19:41:49,clear sky,-9.1667,-60.6333,96.64,19,3,0.94
127,Cartagena,CO,2022-07-28 19:41:49,broken clouds,10.3997,-75.5144,83.82,79,75,8.05
128,Hermanus,ZA,2022-07-28 19:37:17,clear sky,-34.4187,19.2345,57.63,74,0,13.47
129,Buala,SB,2022-07-28 19:41:50,light rain,-8.145,159.5921,79.93,81,60,8.81
130,Gizo,SB,2022-07-28 19:41:50,light rain,-8.103,156.8419,80.91,75,94,6.38
131,Castro,BR,2022-07-28 19:41:51,overcast clouds,-24.7911,-50.0119,68.83,54,100,8.08
132,Tura,IN,2022-07-28 19:41:51,few clouds,25.5198,90.2201,74.19,92,24,2.48
133,Bredasdorp,ZA,2022-07-28 19:41:51,clear sky,-34.5322,20.0403,52.81,74,0,6.33
134,Chuguyevka,RU,2022-07-28 19:42:52,overcast clouds,44.1653,133.8633,68.79,98,100,3.11
135,Tartagal,AR,2022-07-28 19:42:52,overcast clouds,-22.5164,-63.8013,67.46,52,100,15.95
136,Nesna,NO,2022-07-28 19:42:52,scattered clouds,66.1967,13.0213,53.71,75,26,4.03
137,Morwell,AU,2022-07-28 19:42:53,broken clouds,-38.2333,146.4,44.4,99,60,2.64
138,Bengkulu,ID,2022-07-28 19:38:19,overcast clouds,-3.8004,102.2655,75.29,90,87,5.14
139,Labuhan,ID,2022-07-28 19:42:53,broken clouds,-6.8844,112.2051,75.65,86,68,7.76
140,Rockhampton,AU,2022-07-28 19:42:54,broken clouds,-23.3833,150.5,49.89,87,75,0.0
141,Konakovo,RU,2022-07-28 19:42:54,overcast clouds,56.7,36.7667,59.68,91,97,6.8
142,Kaitangata,NZ,2022-07-28 19:42:54,overcast clouds,-46.2817,169.8464,41.77,92,100,8.77
143,Port Lincoln,AU,2022-07-28 19:42:55,overcast clouds,-34.7333,135.8667,52.68,84,98,13.22
144,Padang,ID,2022-07-28 19:42:55,light rain,-0.9492,100.3543,78.31,85,100,4.16
145,Baoding,CN,2022-07-28 19:42:56,overcast clouds,38.8511,115.4903,73.76,86,95,1.54
146,Arraial Do Cabo,BR,2022-07-28 19:42:56,clear sky,-22.9661,-42.0278,84.16,57,0,13.8
147,Plettenberg Bay,ZA,2022-07-28 19:39:43,clear sky,-34.0527,23.3716,62.4,47,0,5.79
148,Sorkjosen,NO,2022-07-28 19:42:57,overcast clouds,69.8,20.9333,51.8,76,100,0.0
149,Chapais,CA,2022-07-28 19:38:13,overcast clouds,49.7834,-74.8492,62.38,94,100,8.12
150,Mar Del Plata,AR,2022-07-28 19:42:57,heavy intensity drizzle,-38.0023,-57.5575,50.09,95,100,18.41
151,Pevek,RU,2022-07-28 19:42:58,overcast clouds,69.7008,170.3133,39.61,78,94,2.46
152,Opuwo,NA,2022-07-28 19:42:58,broken clouds,-18.0607,13.84,62.37,33,74,5.14
153,Lakkion,GR,2022-07-28 19:42:59,clear sky,37.1333,26.85,80.1,81,0,9.51
154,Longyearbyen,SJ,2022-07-28 19:39:42,broken clouds,78.2186,15.6401,42.64,81,75,18.41
155,Batagay,RU,2022-07-28 19:42:59,overcast clouds,67.6333,134.6333,70.54,65,99,2.24
156,Abeche,TD,2022-07-28 19:42:59,overcast clouds,13.8292,20.8324,80.83,65,98,8.01
157,Khorixas,NA,2022-07-28 19:43:00,clear sky,-20.3667,14.9667,58.41,44,5,3.87
158,Lakselv,NO,2022-07-28 19:43:00,overcast clouds,70.0513,24.9718,51.62,76,100,9.22
159,Lokosovo,RU,2022-07-28 19:43:01,overcast clouds,61.1333,74.8167,54.75,80,98,6.6
160,Cascavel,BR,2022-07-28 19:40:59,clear sky,-24.9558,-53.4553,82.0,34,0,18.41
161,Banda Aceh,ID,2022-07-28 19:43:01,overcast clouds,5.5577,95.3222,77.77,84,100,15.17
162,Christchurch,NZ,2022-07-28 19:43:01,few clouds,-43.5333,172.6333,37.6,100,20,4.61
163,Akureyri,IS,2022-07-28 19:43:02,broken clouds,65.6835,-18.0878,60.73,41,75,10.36
164,Marienburg,PL,2022-07-28 19:38:34,scattered clouds,54.0359,19.0266,61.88,93,38,6.17
165,Sinop,TR,2022-07-28 19:43:03,clear sky,41.7711,34.8709,61.88,79,0,5.44
166,Kodiak,US,2022-07-28 19:43:03,clear sky,57.79,-152.4072,60.31,67,0,5.75
167,Wexford,IE,2022-07-28 19:43:04,overcast clouds,52.3342,-6.4575,63.21,70,100,3.0
168,Hamilton,US,2022-07-28 19:42:05,scattered clouds,39.1834,-84.5333,90.61,51,40,12.66
169,Nioro,GM,2022-07-28 19:43:04,broken clouds,13.35,-15.75,80.83,75,55,11.07
170,Provideniya,RU,2022-07-28 19:43:05,overcast clouds,64.3833,-173.3,48.96,84,97,3.78
171,Byron Bay,AU,2022-07-28 19:38:57,clear sky,-28.65,153.6167,46.94,85,0,5.19
172,Nelson Bay,AU,2022-07-28 19:40:40,overcast clouds,-32.7167,152.15,54.0,84,93,10.0
173,Vardo,NO,2022-07-28 19:43:06,overcast clouds,70.3705,31.1107,49.98,87,100,16.11
174,Praia,CV,2022-07-28 19:40:36,clear sky,14.9215,-23.5087,90.14,31,0,9.22
175,Guerrero Negro,MX,2022-07-28 19:39:20,few clouds,27.9769,-114.0611,79.21,55,21,13.94
176,Chengde,CN,2022-07-28 19:43:07,overcast clouds,40.9725,117.9361,68.16,93,98,3.38
177,Moose Factory,CA,2022-07-28 19:43:07,broken clouds,51.2585,-80.6094,66.2,82,75,5.75
178,Ca Mau,VN,2022-07-28 19:43:07,scattered clouds,9.1769,105.15,77.49,92,43,3.29
179,Mashhad,IR,2022-07-28 19:44:08,clear sky,36.297,59.6062,80.74,44,0,4.61
180,Shubarshi,KZ,2022-07-28 19:44:08,broken clouds,48.5872,57.1869,76.24,47,58,6.35
181,Bac Lieu,VN,2022-07-28 19:44:09,clear sky,9.285,105.7244,80.29,83,3,5.86
182,Carnarvon,AU,2022-07-28 19:44:09,overcast clouds,-24.8667,113.6333,70.07,55,100,6.98
183,Mount Isa,AU,2022-07-28 19:44:09,clear sky,-20.7333,139.5,47.97,46,2,8.05
184,Luderitz,NA,2022-07-28 19:44:10,broken clouds,-26.6481,15.1594,54.52,86,60,2.68
185,Thompson,CA,2022-07-28 19:44:10,few clouds,55.7435,-97.8558,73.56,38,20,8.05
186,Corn Island,NI,2022-07-28 19:44:11,overcast clouds,12.1694,-83.0418,81.19,76,97,9.82
187,Karema,TZ,2022-07-28 19:44:11,clear sky,-6.8205,30.4389,73.04,56,1,2.06
188,Bambous Virieux,MU,2022-07-28 19:44:12,broken clouds,-20.3428,57.7575,70.05,78,75,6.91
189,Tasiilaq,GL,2022-07-28 19:44:12,overcast clouds,65.6145,-37.6368,42.96,94,100,3.94
190,Camocim,BR,2022-07-28 19:43:01,scattered clouds,-2.9022,-40.8411,83.17,66,32,15.1
191,Nadym,RU,2022-07-28 19:44:13,scattered clouds,65.5333,72.5167,60.1,70,27,2.71
192,Samarai,PG,2022-07-28 19:44:13,overcast clouds,-10.6167,150.6667,78.19,85,87,13.96
193,Shenzhen,CN,2022-07-28 19:44:00,overcast clouds,22.5455,114.0683,87.22,80,100,4.68
194,Boa Vista,BR,2022-07-28 19:39:49,broken clouds,2.8197,-60.6733,78.78,83,75,9.22
195,Arona,ES,2022-07-28 19:44:14,few clouds,28.0996,-16.681,73.69,77,20,21.85
196,Mackay,AU,2022-07-28 19:44:14,overcast clouds,-21.15,149.2,51.67,80,94,7.63
197,Souillac,MU,2022-07-28 19:41:57,broken clouds,-20.5167,57.5167,70.18,78,75,6.91
198,Chisindia,RO,2022-07-28 19:44:15,overcast clouds,46.2833,22.1,75.85,42,93,3.91
199,Kahului,US,2022-07-28 19:44:16,few clouds,20.8947,-156.47,83.97,63,20,13.0
200,Ancud,CL,2022-07-28 19:44:16,overcast clouds,-41.8697,-73.8203,47.52,79,100,4.97
201,Dibulla,CO,2022-07-28 19:44:16,overcast clouds,11.2725,-73.3091,79.88,85,99,3.29
202,Kalmunai,LK,2022-07-28 19:44:17,moderate rain,7.4167,81.8167,79.02,83,100,3.74
203,Yingcheng,CN,2022-07-28 19:44:17,clear sky,30.95,113.55,74.59,94,7,6.04
204,Yuancheng,CN,2022-07-28 19:44:18,broken clouds,36.652,107.7896,67.26,65,52,3.15
205,Buraydah,SA,2022-07-28 19:39:51,overcast clouds,26.326,43.975,99.05,13,98,7.7
206,Karratha,AU,2022-07-28 19:44:18,light rain,-20.7377,116.8463,68.29,63,3,7.07
207,Jacareacanga,BR,2022-07-28 19:44:19,clear sky,-6.2222,-57.7528,97.47,21,6,1.54
208,Ravar,IR,2022-07-28 19:44:19,overcast clouds,31.2656,56.8055,90.09,39,100,2.13
209,Georgetown,MY,2022-07-28 19:44:20,few clouds,5.4112,100.3354,80.89,85,20,4.61
210,Lyndon,US,2022-07-28 19:44:20,scattered clouds,38.2567,-85.6016,90.09,62,40,10.36
211,Shillong,IN,2022-07-28 19:44:21,overcast clouds,25.5689,91.8831,64.13,96,97,2.21
212,Lerwick,GB,2022-07-28 19:44:21,overcast clouds,60.1545,-1.1494,55.4,80,100,9.26
213,Husavik,IS,2022-07-28 19:44:22,scattered clouds,66.0449,-17.3389,52.14,77,25,7.49
214,Aklavik,CA,2022-07-28 19:44:22,overcast clouds,68.2191,-135.0107,50.0,93,100,2.3
215,Bambanglipuro,ID,2022-07-28 19:44:22,broken clouds,-7.95,110.2833,72.57,91,73,1.97
216,Folldal,NO,2022-07-28 19:44:23,broken clouds,62.1325,9.9968,50.52,70,84,3.85
217,Broome,US,2022-07-28 19:44:23,overcast clouds,42.2506,-75.833,83.62,65,100,12.66
218,Cacoal,BR,2022-07-28 19:44:23,scattered clouds,-11.4386,-61.4472,95.86,19,30,4.97
219,Mwinilunga,ZM,2022-07-28 19:44:24,overcast clouds,-11.7358,24.4293,58.95,42,100,4.65
220,Mount Gambier,AU,2022-07-28 19:44:24,mist,-37.8333,140.7667,33.71,100,7,0.0
221,Khatanga,RU,2022-07-28 19:44:24,broken clouds,71.9667,102.5,59.31,69,53,5.06
222,Clyde River,CA,2022-07-28 19:40:50,light rain,70.4692,-68.5914,39.43,100,100,13.8
223,Sinnamary,GF,2022-07-28 19:44:25,broken clouds,5.3833,-52.95,81.0,82,77,8.37
224,Helena,US,2022-07-28 19:42:23,clear sky,46.5927,-112.0361,93.25,30,0,7.0
225,Wenling,CN,2022-07-28 19:44:25,clear sky,28.3669,121.36,76.73,87,0,2.91
226,Todos Santos,MX,2022-07-28 19:44:26,broken clouds,23.45,-110.2167,99.05,80,64,7.47
227,Crib Point,AU,2022-07-28 19:45:26,clear sky,-38.35,145.2,46.89,95,8,13.33
228,Marawi,PH,2022-07-28 19:45:27,overcast clouds,7.9986,124.2928,69.1,92,100,4.7
229,Charcas,MX,2022-07-28 19:45:27,scattered clouds,23.1333,-101.1167,75.33,38,46,15.61
230,Pychas,RU,2022-07-28 19:45:28,overcast clouds,56.5033,52.4409,60.93,79,85,3.38
231,Bilma,NE,2022-07-28 19:45:28,overcast clouds,18.6853,12.9164,95.81,25,100,9.1
232,Kidal,ML,2022-07-28 19:45:28,light rain,18.4411,1.4078,86.13,50,83,18.72
233,Kattivakkam,IN,2022-07-28 19:45:29,overcast clouds,13.2167,80.3167,86.09,84,99,5.17
234,Nishihara,JP,2022-07-28 19:45:29,scattered clouds,26.1842,127.7558,82.45,89,40,8.05
235,Bow Island,CA,2022-07-28 19:45:29,clear sky,49.8668,-111.3684,84.61,36,0,5.75
236,Lippstadt,DE,2022-07-28 19:45:30,clear sky,51.6667,8.35,69.62,45,0,8.05
237,Nanortalik,GL,2022-07-28 19:45:31,scattered clouds,60.1432,-45.2371,45.43,81,39,6.78
238,Petatlan,MX,2022-07-28 19:45:31,broken clouds,17.5167,-101.2667,88.12,58,84,7.18
239,Dwarka,IN,2022-07-28 19:45:31,overcast clouds,22.2394,68.9678,81.54,78,88,11.97
240,Manali,IN,2022-07-28 19:45:32,overcast clouds,13.1667,80.2667,86.09,84,98,4.88
241,Geraldton,AU,2022-07-28 19:45:32,scattered clouds,-28.7667,114.6,57.61,94,40,10.36
242,Midland,US,2022-07-28 19:45:33,scattered clouds,31.9974,-102.0779,98.06,28,40,16.11
243,Santa Rosa,PH,2022-07-28 19:45:33,moderate rain,14.3122,121.1114,82.38,90,100,5.21
244,Itoman,JP,2022-07-28 19:45:33,few clouds,26.1247,127.6694,83.17,89,20,8.05
245,North Bend,US,2022-07-28 19:45:34,clear sky,43.4065,-124.2243,78.93,85,0,12.66
246,Port Macquarie,AU,2022-07-28 19:40:44,overcast clouds,-31.4333,152.9167,41.9,69,97,5.82
247,Adzhamka,UA,2022-07-28 19:45:34,overcast clouds,48.5424,32.5354,66.94,69,99,6.73
248,Alugan,PH,2022-07-28 19:45:35,moderate rain,12.2188,125.4808,79.14,87,100,7.2
249,Waconia,US,2022-07-28 19:45:35,overcast clouds,44.8508,-93.7869,76.89,55,88,13.0
250,Cap Malheureux,MU,2022-07-28 19:45:35,clear sky,-19.9842,57.6142,68.47,76,2,1.99
251,Trat,TH,2022-07-28 19:45:36,few clouds,12.5,102.5,79.88,86,11,1.32
252,Waipawa,NZ,2022-07-28 19:45:36,scattered clouds,-41.4122,175.5153,45.45,89,45,2.28
253,Cayenne,GF,2022-07-28 19:45:32,overcast clouds,4.9333,-52.3333,85.08,12,100,10.36
254,Muscat,OM,2022-07-28 19:45:37,overcast clouds,23.6139,58.5922,86.02,73,100,2.33
255,San Rafael,AR,2022-07-28 19:45:37,clear sky,-34.6177,-68.3301,63.07,15,0,4.5
256,Lorengau,PG,2022-07-28 19:45:38,broken clouds,-2.0226,147.2712,80.94,81,70,13.98
257,Talara,PE,2022-07-28 19:45:38,clear sky,-4.5772,-81.2719,74.16,64,0,14.97
258,Torbay,CA,2022-07-28 19:45:38,mist,47.6666,-52.7314,62.76,89,100,16.11
259,Alekseyevka,RU,2022-07-28 19:45:39,broken clouds,50.6309,38.6903,69.01,80,76,9.01
260,Leningradskiy,RU,2022-07-28 19:45:39,overcast clouds,69.3833,178.4167,39.69,79,95,6.22
261,Djenne,ML,2022-07-28 19:45:40,overcast clouds,13.9061,-4.5533,89.04,52,100,14.9
262,Kruisfontein,ZA,2022-07-28 19:45:40,clear sky,-34.0033,24.7314,59.85,65,0,7.76
263,Andenes,NO,2022-07-28 19:45:41,broken clouds,69.3143,16.1194,53.92,76,75,3.44
264,Henties Bay,NA,2022-07-28 19:45:41,scattered clouds,-22.116,14.2845,54.3,89,35,7.49
265,Letka,RU,2022-07-28 19:45:42,clear sky,59.6011,49.4232,58.35,85,8,2.86
266,Concordia,AR,2022-07-28 19:41:03,few clouds,-31.393,-58.0209,60.87,51,20,21.0
267,San Jose Del Palmar,CO,2022-07-28 19:45:42,overcast clouds,4.9742,-76.2283,67.33,92,91,3.67
268,Chapada Dos Guimaraes,BR,2022-07-28 19:45:43,clear sky,-15.4606,-55.7497,87.46,14,8,5.03
269,Langarud,IR,2022-07-28 19:45:43,overcast clouds,37.197,50.1535,75.25,81,99,4.76
270,Maragogi,BR,2022-07-28 19:45:43,few clouds,-9.0122,-35.2225,75.56,84,23,5.55
271,Kwekwe,ZW,2022-07-28 19:45:44,clear sky,-18.9281,29.8149,53.11,29,0,8.14
272,Pulandian,CN,2022-07-28 19:45:44,broken clouds,39.3953,121.9669,74.08,96,84,4.52
273,Pyapon,MM,2022-07-28 19:45:45,broken clouds,16.2833,95.6833,81.05,85,82,5.64
274,Doaba,PK,2022-07-28 19:46:45,broken clouds,33.4244,70.7364,79.74,78,67,3.38
275,Ahuimanu,US,2022-07-28 19:46:45,few clouds,21.4447,-157.8378,83.91,65,20,11.5
276,Mayo,US,2022-07-28 19:43:24,broken clouds,38.8876,-76.5119,93.36,73,75,10.36
277,Kashira,RU,2022-07-28 19:46:46,overcast clouds,54.8444,38.1669,64.67,97,100,11.7
278,Ascension,US,2022-07-28 19:43:49,clear sky,30.2169,-90.9001,94.03,64,0,5.75
279,Hun,LY,2022-07-28 19:46:46,clear sky,29.1268,15.9477,89.94,16,0,7.27
280,Lahat,ID,2022-07-28 19:46:47,overcast clouds,-3.8,103.5333,75.38,85,99,1.36
281,Bathsheba,BB,2022-07-28 19:46:47,scattered clouds,13.2167,-59.5167,88.41,77,40,20.71
282,Honningsvag,NO,2022-07-28 19:46:47,broken clouds,70.9821,25.9704,49.75,81,75,8.05
283,Hofn,IS,2022-07-28 19:46:48,overcast clouds,64.2539,-15.2082,51.44,93,100,1.74
284,Rio Gallegos,AR,2022-07-28 19:44:51,clear sky,-51.6226,-69.2181,44.65,65,0,37.98
285,Aktau,KZ,2022-07-28 19:46:48,clear sky,43.65,51.2,72.18,67,0,10.25
286,Lashio,MM,2022-07-28 19:46:49,overcast clouds,22.9333,97.75,68.32,99,100,0.63
287,Lebu,CL,2022-07-28 19:46:49,clear sky,-37.6167,-73.65,52.43,78,0,14.45
288,Beringovskiy,RU,2022-07-28 19:46:49,overcast clouds,63.05,179.3167,49.41,81,100,8.01
289,Hambantota,LK,2022-07-28 19:46:50,overcast clouds,6.1241,81.1185,78.48,87,100,5.48
290,Kungurtug,RU,2022-07-28 19:46:50,overcast clouds,50.5994,97.5228,44.53,91,85,0.92
291,Lata,PT,2022-07-28 19:46:51,clear sky,40.1629,-8.3327,64.54,79,0,5.99
292,Constitucion,CL,2022-07-28 19:46:51,clear sky,-35.3333,-72.4167,58.28,62,0,13.44
293,Kudahuvadhoo,MV,2022-07-28 19:46:51,broken clouds,2.6708,72.8944,81.84,75,55,13.02
294,Envira,BR,2022-07-28 19:46:52,broken clouds,-7.3,-70.2167,91.38,39,68,1.1
295,Comodoro Rivadavia,AR,2022-07-28 19:44:05,clear sky,-45.8667,-67.5,51.66,37,0,35.68
296,Lavrentiya,RU,2022-07-28 19:46:52,overcast clouds,65.5833,-171.0,43.7,88,100,4.94
297,Stornoway,GB,2022-07-28 19:46:53,broken clouds,58.2093,-6.3865,60.93,81,52,4.61
298,Nouadhibou,MR,2022-07-28 19:46:53,sand,20.931,-17.0347,75.18,78,0,26.46
299,Mancio Lima,BR,2022-07-28 19:46:53,scattered clouds,-7.6142,-72.8958,86.07,66,40,8.05
300,Santa Vitoria Do Palmar,BR,2022-07-28 19:46:54,overcast clouds,-33.5189,-53.3681,50.77,89,100,15.17
301,Namibe,AO,2022-07-28 19:46:54,few clouds,-15.1961,12.1522,61.75,85,11,8.1
302,Guiren,CN,2022-07-28 19:46:55,moderate rain,33.6697,118.1889,75.6,92,99,1.52
303,Tandil,AR,2022-07-28 19:44:37,clear sky,-37.3217,-59.1332,49.68,59,6,17.16
304,Canete,CL,2022-07-28 19:46:55,clear sky,-37.8,-73.4,53.76,72,0,7.2
305,Olenino,RU,2022-07-28 19:46:55,broken clouds,56.2092,33.4889,57.18,78,54,4.85
306,Along,IN,2022-07-28 19:46:56,broken clouds,28.1667,94.7667,73.63,98,73,1.14
307,Novyy Urengoy,RU,2022-07-28 19:46:56,scattered clouds,66.0833,76.6333,58.77,79,26,6.53
308,Ust-Maya,RU,2022-07-28 19:46:56,clear sky,60.4167,134.5333,63.25,78,5,2.77
309,Kavaratti,IN,2022-07-28 19:45:16,overcast clouds,10.5669,72.642,81.05,82,100,17.67
310,Orebro,SE,2022-07-28 19:46:57,clear sky,59.2741,15.2066,60.98,45,0,1.14
311,Urla,TR,2022-07-28 19:46:57,clear sky,38.3229,26.764,81.41,47,0,8.03
312,Iqaluit,CA,2022-07-28 19:46:58,overcast clouds,63.7506,-68.5145,56.93,62,100,5.75
313,Nago,JP,2022-07-28 19:46:58,clear sky,26.5881,127.9761,83.25,85,9,6.71
314,Mananjary,MG,2022-07-28 19:46:58,light rain,-21.2167,48.3333,67.71,88,84,1.68
315,Esperance,AU,2022-07-28 19:46:59,clear sky,-33.8667,121.9,57.16,81,1,12.37
316,Vrangel,RU,2022-07-28 19:46:59,overcast clouds,42.7297,133.0839,68.34,96,100,0.78
317,Yamada,JP,2022-07-28 19:46:59,clear sky,39.4667,141.95,70.92,95,3,1.72
318,Barao De Melgaco,BR,2022-07-28 19:47:00,few clouds,-16.1944,-55.9675,96.87,12,13,7.29
319,Riverton,US,2022-07-28 19:47:00,clear sky,40.5219,-111.9391,98.11,24,0,3.44
320,Gat,IL,2022-07-28 19:48:01,clear sky,31.61,34.7642,83.39,100,0,5.12
321,Olafsvik,IS,2022-07-28 19:48:01,overcast clouds,64.8945,-23.7142,45.46,87,100,16.58
322,Raga,SS,2022-07-28 19:48:02,overcast clouds,8.4596,25.678,68.22,97,100,4.14
323,Mogadishu,SO,2022-07-28 19:47:31,scattered clouds,2.0371,45.3438,76.1,83,34,17.92
324,Keflavik,IS,2022-07-28 19:48:02,broken clouds,64.0049,-22.5624,48.63,81,75,10.36
325,Mattru,SL,2022-07-28 19:48:03,light rain,7.6244,-11.8332,72.03,93,100,4.0
326,Severo-Kurilsk,RU,2022-07-28 19:48:04,overcast clouds,50.6789,156.125,52.77,92,100,9.06
327,Sydney Mines,CA,2022-07-28 19:48:04,scattered clouds,46.2367,-60.2177,77.49,68,40,8.05
328,Saint-Francois,FR,2022-07-28 19:48:05,clear sky,46.4154,3.9054,74.64,43,0,6.91
329,Roebourne,AU,2022-07-28 19:48:05,clear sky,-20.7833,117.1333,68.02,60,4,6.89
330,Gwadar,PK,2022-07-28 19:48:06,overcast clouds,25.1216,62.3254,82.08,76,100,6.42
331,Cabo San Lucas,MX,2022-07-28 19:48:06,few clouds,22.8909,-109.9124,93.61,59,18,5.99
332,Puerto Carreno,CO,2022-07-28 19:48:06,light rain,6.189,-67.4859,84.18,70,40,3.44
333,Tiksi,RU,2022-07-28 19:48:07,overcast clouds,71.6872,128.8694,51.6,91,91,5.28
334,Fort Nelson,CA,2022-07-28 19:46:17,smoke,58.8053,-122.7002,71.19,53,100,9.22
335,Atar,MR,2022-07-28 19:48:07,clear sky,20.5169,-13.0499,103.71,9,0,4.56
336,Naron,ES,2022-07-28 19:48:08,clear sky,43.5167,-8.1528,68.85,91,2,2.1
337,Gariaband,IN,2022-07-28 19:48:08,overcast clouds,20.635,82.0614,76.89,87,100,3.85
338,Necochea,AR,2022-07-28 19:48:09,overcast clouds,-38.5473,-58.7368,47.95,83,100,21.54
339,Westport,US,2022-07-28 19:43:27,clear sky,41.1415,-73.3579,91.62,64,0,6.91
340,Alandi,IN,2022-07-28 19:47:39,moderate rain,18.6667,73.9,75.7,89,85,5.37
341,Bar Harbor,US,2022-07-28 19:48:10,clear sky,44.3876,-68.2039,82.94,54,0,14.97
342,Kolokani,ML,2022-07-28 19:48:10,light rain,13.5728,-8.0339,81.52,69,100,8.9
343,Crotone,IT,2022-07-28 19:48:10,clear sky,39.0851,17.1178,81.19,68,1,5.03
344,Rio Grande,BR,2022-07-28 19:48:11,light rain,-32.035,-52.0986,62.71,94,100,19.24
345,Haileybury,CA,2022-07-28 19:48:11,scattered clouds,47.449,-79.6373,64.98,53,46,7.27
346,Emerald,AU,2022-07-28 19:48:12,clear sky,-23.5333,148.1667,46.62,71,0,10.38
347,Asau,RO,2022-07-28 19:48:12,overcast clouds,46.4333,26.4,70.72,88,100,2.98
348,Tupaciguara,BR,2022-07-28 19:48:13,clear sky,-18.5922,-48.705,79.23,21,1,4.65
349,San Carlos De Bariloche,AR,2022-07-28 19:48:14,clear sky,-41.1456,-71.3082,47.95,49,0,24.16
350,Aguadilla,PR,2022-07-28 19:48:14,moderate rain,18.4275,-67.1541,86.94,84,0,21.85
351,Katsuura,JP,2022-07-28 19:46:30,broken clouds,35.1333,140.3,79.38,91,64,8.99
352,Tigil,RU,2022-07-28 19:48:14,overcast clouds,57.8,158.6667,48.79,82,100,3.94
353,Pisco,PE,2022-07-28 19:48:15,broken clouds,-13.7,-76.2167,64.45,72,75,9.22
354,Batagay-Alyta,RU,2022-07-28 19:48:15,broken clouds,67.8006,130.4114,71.65,63,63,1.86
355,Khandyga,RU,2022-07-28 19:48:16,overcast clouds,62.6667,135.6,64.94,72,96,2.13
356,Cascais,PT,2022-07-28 19:48:16,few clouds,38.6979,-9.4215,71.94,71,20,25.32
357,Pilar,BR,2022-07-28 19:48:17,scattered clouds,-9.5972,-35.9567,76.93,94,47,5.86
358,Tukrah,LY,2022-07-28 19:48:17,clear sky,32.5341,20.5791,80.2,75,0,4.74
359,Chicama,PE,2022-07-28 19:48:17,scattered clouds,-7.8447,-79.1469,59.54,59,40,10.02
360,Fortuna,US,2022-07-28 19:48:18,clear sky,40.5982,-124.1573,72.93,72,0,10.36
361,Vysokogornyy,RU,2022-07-28 19:48:18,overcast clouds,50.1167,139.15,62.96,94,99,1.52
362,San Juan De Los Morros,VE,2022-07-28 19:48:19,light rain,9.9115,-67.3538,78.76,80,56,2.64
363,Zhangye,CN,2022-07-28 19:49:19,clear sky,38.9342,100.4517,72.73,31,2,8.01
364,Brandfort,ZA,2022-07-28 19:49:20,light rain,-28.7001,26.4597,49.41,77,95,5.95
365,Muros,ES,2022-07-28 19:49:20,clear sky,42.7762,-9.0603,74.68,73,0,8.32
366,Bedong,MY,2022-07-28 19:49:21,light rain,5.7274,100.5088,80.91,95,64,1.79
367,Vila Velha,BR,2022-07-28 19:49:21,few clouds,-20.3297,-40.2925,78.75,79,20,17.27
368,Margate,GB,2022-07-28 19:49:21,overcast clouds,51.3813,1.3862,65.89,70,100,4.0
369,Banjar,ID,2022-07-28 19:49:22,overcast clouds,-8.19,114.9675,75.56,81,88,2.33
370,Faya,SA,2022-07-28 19:49:01,overcast clouds,18.3851,42.4509,71.71,56,100,1.39
371,Berlevag,NO,2022-07-28 19:49:22,light intensity drizzle,70.8578,29.0864,50.0,93,75,13.8
372,Los Llanos De Aridane,ES,2022-07-28 19:49:23,few clouds,28.6585,-17.9182,72.12,83,20,18.41
373,Atambua,ID,2022-07-28 19:49:23,broken clouds,-9.1061,124.8925,66.83,85,72,6.87
374,Mareeba,AU,2022-07-28 19:49:23,clear sky,-17.0,145.4333,59.72,97,2,2.21
375,Lagoa,PT,2022-07-28 19:49:24,clear sky,39.05,-27.9833,72.34,74,3,4.18
376,Flin Flon,CA,2022-07-28 19:49:24,few clouds,54.7682,-101.865,75.04,33,20,9.22
377,Pitsunda,GE,2022-07-28 19:49:25,clear sky,43.1592,40.3378,69.98,76,0,2.66
378,Makakilo City,US,2022-07-28 19:47:20,scattered clouds,21.3469,-158.0858,82.72,57,40,11.5
379,Laguna,US,2022-07-28 19:49:25,clear sky,38.421,-121.4238,95.02,39,0,5.75
380,Salamiyah,SY,2022-07-28 19:49:26,clear sky,35.0113,37.0532,83.46,30,0,7.83
381,Quarai,BR,2022-07-28 19:49:26,overcast clouds,-30.3875,-56.4514,56.73,89,100,16.11
382,Dores Do Indaia,BR,2022-07-28 19:49:26,broken clouds,-19.4633,-45.6017,77.77,30,75,5.68
383,Saint George,US,2022-07-28 19:49:27,clear sky,37.1041,-113.5841,96.26,38,0,5.75
384,Uttarkashi,IN,2022-07-28 19:49:27,overcast clouds,30.7333,78.45,72.79,98,100,0.81
385,La Palma,US,2022-07-28 19:49:08,scattered clouds,33.8464,-118.0467,93.67,61,40,8.01
386,College,US,2022-07-28 19:47:29,scattered clouds,64.8569,-147.8028,63.0,66,40,0.0
387,Coihaique,CL,2022-07-28 19:49:28,broken clouds,-45.5752,-72.0662,46.35,53,75,11.5
388,San Policarpo,PH,2022-07-28 19:49:28,moderate rain,12.1791,125.5072,79.43,87,100,7.65
389,Umm Kaddadah,SD,2022-07-28 19:49:28,light rain,13.6017,26.6876,84.52,49,100,11.56
390,Ilulissat,GL,2022-07-28 19:49:29,scattered clouds,69.2167,-51.1,50.02,66,40,5.75
391,Saint-Georges,GD,2022-07-28 19:46:46,few clouds,12.0564,-61.7485,85.68,66,20,20.71
392,Babushkin,RU,2022-07-28 19:49:29,broken clouds,51.7122,105.8647,54.18,85,66,4.68
393,Ganzhou,CN,2022-07-28 19:49:30,overcast clouds,28.8184,115.4327,76.8,89,99,2.68
394,Khrebtovaya,RU,2022-07-28 19:49:30,light rain,56.7032,104.2494,54.14,99,100,4.97
395,Jiwani,PK,2022-07-28 19:49:31,overcast clouds,25.05,61.7417,81.93,78,100,10.96
396,Wilmington,US,2022-07-28 19:48:02,few clouds,34.2257,-77.9447,95.0,61,20,13.8
397,Arlit,NE,2022-07-28 19:49:31,overcast clouds,18.7369,7.3853,86.63,48,100,28.41
398,Dingle,PH,2022-07-28 19:49:31,overcast clouds,10.9995,122.6711,77.61,90,100,7.38
399,Luganville,VU,2022-07-28 19:49:32,overcast clouds,-15.5333,167.1667,77.86,85,100,4.18
400,Havelock,US,2022-07-28 19:49:32,clear sky,34.8791,-76.9013,95.99,77,0,12.66
401,Meadow Lake,US,2022-07-28 19:49:32,overcast clouds,34.8014,-106.5436,87.48,40,85,2.39
402,Dom Pedrito,BR,2022-07-28 19:49:33,overcast clouds,-30.9828,-54.6731,54.82,93,100,13.27
403,Tolbazy,RU,2022-07-28 19:49:33,clear sky,54.0241,55.8825,56.08,78,2,7.49
404,Lomovka,RU,2022-07-28 19:49:34,overcast clouds,53.9194,58.3672,50.76,95,85,3.58
405,Vytegra,RU,2022-07-28 19:49:34,overcast clouds,61.0064,36.4481,60.37,97,100,6.38
406,Buchanan,LR,2022-07-28 19:49:34,overcast clouds,5.8808,-10.0467,74.8,76,90,7.23
407,Monrovia,LR,2022-07-28 19:49:35,overcast clouds,6.3005,-10.7969,80.37,71,96,9.75
408,Caranavi,BO,2022-07-28 19:49:35,overcast clouds,-15.8167,-67.55,81.59,37,90,4.54
409,Walvis Bay,NA,2022-07-28 19:49:35,clear sky,-22.9575,14.5053,54.09,82,6,4.61
410,Nome,US,2022-07-28 19:50:32,clear sky,64.5011,-165.4064,56.16,76,0,4.61
411,Sabak,MY,2022-07-28 19:50:36,overcast clouds,3.7675,100.9875,76.8,90,99,2.46
412,Ransang,PH,2022-07-28 19:50:37,overcast clouds,8.9603,117.5828,80.19,85,100,5.01
413,Pudozh,RU,2022-07-28 19:50:37,overcast clouds,61.8099,36.5345,59.31,99,100,2.28
414,Isangel,VU,2022-07-28 19:50:38,overcast clouds,-19.55,169.2667,74.34,89,100,11.18
415,Dukat,RU,2022-07-28 19:50:38,light rain,62.55,155.55,49.59,61,100,3.33
416,Hirara,JP,2022-07-28 19:50:38,few clouds,24.8,125.2833,84.16,73,19,3.96
417,Lufilufi,WS,2022-07-28 19:50:39,light rain,-13.8745,-171.5986,73.18,79,27,17.58
418,Haimen,CN,2022-07-28 19:50:39,overcast clouds,23.1935,116.6142,80.49,80,100,3.98
419,Vostok,RU,2022-07-28 19:50:39,overcast clouds,46.4856,135.8833,64.17,95,100,3.36
420,San Quintin,MX,2022-07-28 19:50:40,clear sky,30.4833,-115.95,74.26,66,9,12.82
421,Tilichiki,RU,2022-07-28 19:50:40,overcast clouds,60.4667,166.1,47.23,77,100,6.73
422,Jacqueville,CI,2022-07-28 19:50:40,scattered clouds,5.2052,-4.4146,76.14,82,36,15.32
423,Zeya,RU,2022-07-28 19:50:41,light rain,53.75,127.2667,66.0,99,100,2.28
424,Abnub,EG,2022-07-28 19:50:41,clear sky,27.2696,31.1511,93.42,14,0,6.55
425,Komsomolskiy,UZ,2022-07-28 19:50:41,overcast clouds,40.4272,71.7189,88.52,20,100,11.5
426,Marsh Harbour,BS,2022-07-28 19:50:42,few clouds,26.5412,-77.0636,83.53,70,19,13.78
427,Port Hedland,AU,2022-07-28 19:47:41,clear sky,-20.3167,118.5667,57.25,67,0,8.05
428,Dandong,CN,2022-07-28 19:50:42,broken clouds,40.1292,124.3947,72.7,92,69,6.73
429,Tezu,IN,2022-07-28 19:50:43,scattered clouds,27.9167,96.1667,74.17,96,35,3.22
430,Harboore,DK,2022-07-28 19:50:43,clear sky,56.6175,8.1807,55.18,74,4,6.04
431,Adjumani,UG,2022-07-28 19:50:43,light rain,3.3779,31.7909,66.69,96,80,1.45
432,Namatanai,PG,2022-07-28 19:50:44,overcast clouds,-3.6667,152.4333,79.48,79,89,10.87
433,Poum,NC,2022-07-28 19:50:44,clear sky,-20.2333,164.0167,70.99,76,5,10.11
434,Manzil Salim,TN,2022-07-28 19:50:45,clear sky,35.8567,8.4765,85.26,39,0,12.35
435,Talakan,RU,2022-07-28 19:50:45,overcast clouds,50.3167,130.3667,70.2,98,100,2.01
436,Bontang,ID,2022-07-28 19:50:45,broken clouds,0.1333,117.5,75.56,89,70,4.25
437,Harrisonburg,US,2022-07-28 19:50:46,scattered clouds,38.4496,-78.8689,86.7,76,40,10.36
438,Kroya,ID,2022-07-28 19:50:46,broken clouds,-7.6331,109.2461,74.39,90,58,3.0
439,Sayat,TM,2022-07-28 19:50:46,clear sky,38.7839,63.8803,84.07,20,5,11.25
440,Lively,CA,2022-07-28 19:50:47,light rain,46.4334,-81.1498,63.52,49,89,11.45
441,Udachnyy,RU,2022-07-28 19:50:47,few clouds,66.4167,112.4,70.45,52,17,3.71
442,San Carlos Del Zulia,VE,2022-07-28 19:50:48,broken clouds,9.0,-71.9135,87.62,61,63,4.27
443,Lakes Entrance,AU,2022-07-28 19:50:48,clear sky,-37.8811,147.981,42.17,86,9,14.25
444,Northam,GB,2022-07-28 19:50:48,few clouds,51.0333,-4.2167,64.38,84,15,6.53
445,Qingyuan,CN,2022-07-28 19:50:49,overcast clouds,23.7,113.0333,87.78,65,97,1.25
446,Batemans Bay,AU,2022-07-28 19:48:59,overcast clouds,-35.7167,150.1833,43.84,91,88,5.12
447,Ixtapa,MX,2022-07-28 19:50:49,broken clouds,20.7,-105.2,89.22,61,62,5.01
448,Karaton,ID,2022-07-28 19:50:50,overcast clouds,-6.3424,106.1045,75.45,90,100,2.08
449,Calvia,ES,2022-07-28 19:50:44,clear sky,39.5657,2.5062,82.87,57,0,8.25
450,Kindu,CD,2022-07-28 19:50:50,overcast clouds,-2.95,25.95,74.62,76,100,4.12
451,Ekhabi,RU,2022-07-28 19:50:51,broken clouds,53.5102,142.9671,54.91,92,61,7.34
452,Kabanjahe,ID,2022-07-28 19:50:51,moderate rain,3.1001,98.4908,63.39,97,100,4.43
453,Trairi,BR,2022-07-28 19:48:33,overcast clouds,-3.2778,-39.2689,79.86,71,90,13.67
454,Qui Nhon,VN,2022-07-28 19:50:51,scattered clouds,13.7667,109.2333,78.6,88,36,3.8
455,Surgut,RU,2022-07-28 19:49:33,clear sky,61.25,73.4167,59.18,76,0,7.0
456,Leeton,AU,2022-07-28 19:51:52,clear sky,-34.5667,146.4,41.9,94,0,5.37
457,Elhovo,BG,2022-07-28 19:51:52,clear sky,42.1667,26.5667,77.41,77,0,6.02
458,Grand-Lahou,CI,2022-07-28 19:51:53,broken clouds,5.1367,-5.0242,75.02,81,65,12.12
459,Acajutla,SV,2022-07-28 19:51:53,overcast clouds,13.5928,-89.8275,81.05,81,100,7.14
460,Sisimiut,GL,2022-07-28 19:51:53,overcast clouds,66.9395,-53.6735,44.65,76,100,5.86
461,Southbridge,US,2022-07-28 19:51:54,overcast clouds,42.0751,-72.0334,88.27,75,85,1.01
462,Ishigaki,JP,2022-07-28 19:51:54,few clouds,24.3448,124.1572,82.53,94,20,4.61
463,Altamont,US,2022-07-28 19:51:55,clear sky,42.2068,-121.7372,99.79,18,0,5.01
464,Touros,BR,2022-07-28 19:51:55,clear sky,-5.1989,-35.4608,77.83,78,5,15.46
465,Baikunthpur,IN,2022-07-28 19:51:55,overcast clouds,23.25,82.55,77.22,84,95,1.12
466,Dubuque,US,2022-07-28 19:50:26,clear sky,42.4833,-90.8668,78.51,45,0,11.5
467,Srednekolymsk,RU,2022-07-28 19:50:29,clear sky,67.45,153.6833,51.84,57,6,10.27
468,Moyale,KE,2022-07-28 19:51:56,broken clouds,3.5167,39.0584,70.2,54,84,10.04
469,Saint-Michel-Des-Saints,CA,2022-07-28 19:51:56,broken clouds,46.6834,-73.9159,76.93,81,78,7.96
470,Innisfail,AU,2022-07-28 19:51:57,scattered clouds,-17.5333,146.0333,59.85,79,25,4.88
471,Sungairaya,ID,2022-07-28 19:51:57,overcast clouds,0.7,108.9,78.15,86,99,0.65
472,Egvekinot,RU,2022-07-28 19:51:57,light rain,66.3167,-179.1667,41.74,87,100,2.59
473,Horve,DK,2022-07-28 19:51:58,scattered clouds,55.7529,11.453,60.85,76,41,3.36
474,Goure,NE,2022-07-28 19:51:58,broken clouds,13.9835,10.2704,82.02,56,66,5.48
475,Am Timan,TD,2022-07-28 19:51:59,overcast clouds,11.0297,20.2827,71.76,91,87,2.89
476,Nova Olimpia,BR,2022-07-28 19:51:59,clear sky,-14.7972,-57.2881,96.76,15,9,6.04
477,Malvern,US,2022-07-28 19:47:57,overcast clouds,34.3623,-92.813,94.19,50,96,3.38
478,Inverell,AU,2022-07-28 19:51:59,clear sky,-29.7833,151.1167,39.16,87,0,1.01
479,Qaqortoq,GL,2022-07-28 19:48:54,scattered clouds,60.7167,-46.0333,47.35,70,48,5.03
480,Mount Pleasant,US,2022-07-28 19:49:34,broken clouds,32.7941,-79.8626,94.3,69,75,13.8
481,Chuy,UY,2022-07-28 19:52:00,overcast clouds,-33.6971,-53.4616,50.32,89,100,14.76
482,Belaya Gora,RU,2022-07-28 19:52:01,overcast clouds,68.5333,146.4167,48.92,54,100,12.44
483,Shu,KZ,2022-07-28 19:52:01,clear sky,43.5983,73.7614,77.04,31,0,2.37
484,Bemidji,US,2022-07-28 19:50:55,broken clouds,47.4736,-94.8803,69.06,70,75,18.41
485,Kologriv,RU,2022-07-28 19:52:01,clear sky,58.8275,44.3178,62.85,84,4,6.6
486,Aswan,EG,2022-07-28 19:52:02,clear sky,24.0934,32.907,99.7,12,0,9.22
487,Olinda,BR,2022-07-28 19:52:03,few clouds,-8.0089,-34.8553,78.53,73,20,11.5
488,Sur,OM,2022-07-28 19:52:03,overcast clouds,22.5667,59.5289,82.51,72,100,16.26
489,Clyde,US,2022-07-28 19:52:03,few clouds,41.3042,-82.9752,84.67,51,20,16.02
490,Lumphat,KH,2022-07-28 19:52:04,few clouds,13.4878,106.9816,73.96,98,20,0.74
491,Torrington,US,2022-07-28 19:52:04,overcast clouds,41.8007,-73.1212,89.11,69,100,3.0
492,Porbandar,IN,2022-07-28 19:52:05,overcast clouds,21.6422,69.6093,80.92,80,98,11.05
493,Vestmanna,FO,2022-07-28 19:52:05,overcast clouds,62.1564,-7.1664,52.72,94,100,11.5
494,Murakami,JP,2022-07-28 19:52:06,clear sky,38.2333,139.4833,72.63,90,1,2.3
495,Alofi,NU,2022-07-28 19:50:38,few clouds,-19.0595,-169.9187,75.09,83,20,11.5
496,Puerto Madryn,AR,2022-07-28 19:52:07,clear sky,-42.7692,-65.0385,54.43,47,4,23.76
497,Mingaora,PK,2022-07-28 19:52:08,overcast clouds,34.7758,72.3625,76.62,88,100,1.59
498,Talnakh,RU,2022-07-28 19:49:41,clear sky,69.4865,88.3972,52.21,75,0,8.72
499,Kampot,KH,2022-07-28 19:52:08,clear sky,10.6167,104.1833,77.05,84,10,2.08
500,Camacha,PT,2022-07-28 19:52:09,broken clouds,33.0833,-16.3333,69.22,83,75,14.97
501,Goma,CD,2022-07-28 19:52:09,light rain,-1.6792,29.2228,64.17,85,88,1.9
502,San Cristobal,VE,2022-07-28 19:50:39,overcast clouds,7.7669,-72.225,73.58,60,99,6.8
503,Puro,PH,2022-07-28 19:52:10,very heavy rain,12.4841,123.3827,80.67,86,100,13.56
504,Cabedelo,BR,2022-07-28 19:53:10,clear sky,-6.9811,-34.8339,83.07,80,5,12.41
505,Maarianhamina,AX,2022-07-28 19:53:11,clear sky,60.0973,19.9348,49.86,81,0,3.44
506,Tautira,PF,2022-07-28 19:50:15,light rain,-17.7333,-149.15,77.34,77,23,24.23
507,Mae Sai,TH,2022-07-28 19:53:11,overcast clouds,20.4335,99.8762,71.8,97,100,2.37
508,Kieta,PG,2022-07-28 19:53:12,moderate rain,-6.2167,155.6333,77.27,87,100,3.36
509,Loralai,PK,2022-07-28 19:53:12,overcast clouds,30.3705,68.598,77.05,73,100,2.33
510,Atasu,KZ,2022-07-28 19:53:13,broken clouds,48.6814,71.6433,66.9,70,73,6.8
511,Copiapo,CL,2022-07-28 19:53:13,broken clouds,-27.3667,-70.3333,55.09,42,84,5.64
512,Enterprise,US,2022-07-28 19:53:13,scattered clouds,36.0252,-115.2419,95.32,38,40,5.75
513,Yarada,IN,2022-07-28 19:48:57,mist,17.65,83.2667,80.92,94,20,2.3
514,Key West,US,2022-07-28 19:53:14,clear sky,24.5557,-81.7826,84.06,74,0,13.65
515,Flinders,AU,2022-07-28 19:52:37,broken clouds,-34.5833,150.8552,50.18,83,61,5.99
516,Launceston,AU,2022-07-28 19:51:05,clear sky,-41.45,147.1667,38.34,87,3,4.61
517,Dunedin,NZ,2022-07-28 19:53:15,light rain,-45.8742,170.5036,44.8,75,100,4.0
518,Sterling,US,2022-07-28 19:53:15,clear sky,39.0062,-77.4286,93.22,64,0,10.36
519,Porto Novo,BJ,2022-07-28 19:53:16,overcast clouds,6.4965,2.6036,78.62,78,100,10.0
520,Hauterive,FR,2022-07-28 19:53:16,overcast clouds,46.0901,3.4459,75.96,45,94,2.15
521,Douglas,US,2022-07-28 19:49:32,clear sky,41.3,-96.167,83.59,40,0,9.22
522,Basco,PH,2022-07-28 19:51:02,broken clouds,20.4487,121.9702,85.3,75,55,12.39
523,Bandar-E Lengeh,IR,2022-07-28 19:53:17,overcast clouds,26.5579,54.8807,90.05,67,100,15.1
524,Grindavik,IS,2022-07-28 19:53:17,broken clouds,63.8424,-22.4338,48.67,81,75,10.36
525,Limache,CL,2022-07-28 19:53:18,clear sky,-33.0167,-71.2667,68.7,28,0,2.73
526,Ribeira Brava,PT,2022-07-28 19:53:18,clear sky,32.65,-17.0667,75.7,84,1,1.83
527,Ostrovnoy,RU,2022-07-28 19:53:19,broken clouds,68.0531,39.5131,50.25,90,69,14.29
528,Nouakchott,MR,2022-07-28 19:50:34,clear sky,18.0858,-15.9785,82.33,79,5,18.86
529,Rundu,NA,2022-07-28 19:53:19,clear sky,-17.9333,19.7667,61.11,29,7,6.26
530,Diego De Almagro,CL,2022-07-28 19:53:20,overcast clouds,-26.3667,-70.05,76.37,16,90,5.93
531,Hammerfest,NO,2022-07-28 19:51:52,broken clouds,70.6634,23.6821,48.65,93,75,10.36
532,Sibut,CF,2022-07-28 19:53:20,overcast clouds,5.718,19.0739,69.64,97,100,2.19
533,Lahij,YE,2022-07-28 19:51:59,few clouds,13.1667,44.5833,88.72,44,19,1.95
534,Sebina,BW,2022-07-28 19:53:21,clear sky,-20.8667,27.25,57.52,40,0,10.38
535,Oranjemund,NA,2022-07-28 19:53:21,scattered clouds,-28.55,16.4333,54.18,91,25,7.99
536,Lev Tolstoy,RU,2022-07-28 19:53:22,overcast clouds,53.2134,39.446,65.55,92,97,7.2
537,Aksarka,RU,2022-07-28 19:53:22,scattered clouds,66.5606,67.7975,61.79,66,35,7.16
538,Jawhar,SO,2022-07-28 19:53:22,clear sky,2.7809,45.5005,73.78,82,5,14.97
539,Fairbanks,US,2022-07-28 19:53:23,few clouds,64.8378,-147.7164,63.01,65,20,5.01
540,Kiunga,PG,2022-07-28 19:53:23,overcast clouds,-6.1219,141.2906,73.76,99,95,2.75
541,Hualmay,PE,2022-07-28 19:53:05,few clouds,-11.0964,-77.6139,66.02,73,18,9.78
542,Usogorsk,RU,2022-07-28 19:53:24,broken clouds,63.4106,48.6872,65.86,90,60,5.37
543,Nizhniy Tagil,RU,2022-07-28 19:53:24,broken clouds,57.9194,59.965,53.85,88,58,4.05
544,Mahibadhoo,MV,2022-07-28 19:53:25,broken clouds,3.7833,72.9667,82.0,75,74,14.38
545,Akdepe,TM,2022-07-28 19:53:25,clear sky,42.0551,59.3788,84.29,29,4,9.4
546,Havre-Saint-Pierre,CA,2022-07-28 19:53:25,overcast clouds,50.2334,-63.5986,64.76,77,100,14.97
547,Ailigandi,PA,2022-07-28 19:53:26,overcast clouds,9.2333,-78.0167,75.88,91,100,3.0
548,Marzuq,YE,2022-07-28 19:53:26,overcast clouds,14.4,46.4667,84.33,43,99,5.99
549,Arman,RU,2022-07-28 19:53:27,light rain,59.7,150.1667,53.02,96,100,4.99
550,Kenai,US,2022-07-28 19:52:12,clear sky,60.5544,-151.2583,67.03,50,0,6.91
551,Newala,TZ,2022-07-28 19:54:27,overcast clouds,-10.9431,39.2787,62.46,86,96,5.17
552,Vallenar,CL,2022-07-28 19:54:27,overcast clouds,-28.5708,-70.7581,71.24,30,93,2.8
553,Abramovka,RU,2022-07-28 19:54:28,broken clouds,51.1886,41.0202,70.81,70,81,3.53
554,Aykhal,RU,2022-07-28 19:49:39,clear sky,66.0,111.5,67.55,67,9,4.45
555,Odienne,CI,2022-07-28 19:54:28,scattered clouds,9.51,-7.5692,72.18,92,29,4.81
556,Ternate,ID,2022-07-28 19:54:29,broken clouds,0.8,127.4,79.45,81,84,3.74
557,Tazmalt,DZ,2022-07-28 19:54:29,clear sky,36.3868,4.3989,84.78,43,0,4.68
558,Capaccio,IT,2022-07-28 19:54:29,clear sky,40.4244,15.0809,79.05,80,1,1.86
559,Odessa,UA,2022-07-28 19:54:30,clear sky,46.4775,30.7326,76.69,59,8,9.46
560,Ahipara,NZ,2022-07-28 19:54:30,overcast clouds,-35.1667,173.1667,56.3,73,99,10.71
561,Santa Fe,AR,2022-07-28 19:54:31,light rain,-31.6333,-60.7,66.0,32,0,15.01
562,Kemin,KG,2022-07-28 19:54:31,overcast clouds,42.7846,75.6892,65.61,81,99,6.55
563,Kirovskiy,RU,2022-07-28 19:54:31,broken clouds,45.0917,133.5136,69.49,96,84,2.06
564,Les Cayes,HT,2022-07-28 19:54:32,broken clouds,18.2,-73.75,85.28,61,77,12.03
565,Luanda,AO,2022-07-28 19:54:32,broken clouds,-8.8368,13.2343,69.33,85,55,10.38
566,Zheleznodorozhnyy,RU,2022-07-28 19:52:18,overcast clouds,55.7503,38.0042,67.55,93,100,10.42
567,Tuatapere,NZ,2022-07-28 19:54:33,overcast clouds,-46.1333,167.6833,40.05,91,91,2.77
568,Maputo,MZ,2022-07-28 19:50:36,few clouds,-25.9653,32.5892,65.88,82,20,5.99
569,Ucluelet,CA,2022-07-28 19:54:33,scattered clouds,48.9329,-125.5528,64.71,76,39,7.67
570,Erzincan,TR,2022-07-28 19:54:33,clear sky,39.75,39.5,70.59,40,0,5.99
571,Tharad,IN,2022-07-28 19:54:34,overcast clouds,24.3961,71.6267,83.48,76,96,12.21
572,Manta,EC,2022-07-28 19:52:31,scattered clouds,-0.95,-80.7333,78.58,73,40,6.91
573,Yerbogachen,RU,2022-07-28 19:54:34,overcast clouds,61.2767,108.0108,62.56,96,100,5.17
574,Szydlowiec,PL,2022-07-28 19:54:35,clear sky,51.2282,20.8611,57.29,62,0,5.44
575,Naze,JP,2022-07-28 19:54:13,few clouds,28.3667,129.4833,79.72,81,24,13.33
576,Edendale,ZA,2022-07-28 19:54:35,scattered clouds,-29.6528,30.3147,56.57,70,27,4.29
577,Novo Oriente,BR,2022-07-28 19:54:35,scattered clouds,-5.5344,-40.7742,90.97,28,31,5.17
578,Adre,TD,2022-07-28 19:54:36,light rain,13.4667,22.2,77.34,70,82,9.93
579,Buritis,BR,2022-07-28 19:51:09,clear sky,-15.6178,-46.4233,84.29,23,1,1.05
580,Nakamura,JP,2022-07-28 19:54:36,few clouds,32.9833,132.9333,77.38,93,18,7.85
581,Ivankiv,UA,2022-07-28 19:54:37,overcast clouds,50.9386,29.8943,66.29,58,85,3.51
582,Codrington,AU,2022-07-28 19:54:04,few clouds,-38.2667,141.9667,44.92,77,13,5.17
583,Maneadero,MX,2022-07-28 19:54:37,few clouds,31.7167,-116.5667,75.09,75,18,4.0
584,Bilibino,RU,2022-07-28 19:54:38,few clouds,68.0546,166.4372,50.99,54,11,4.23
585,Mumbwa,ZM,2022-07-28 19:52:52,clear sky,-14.9783,27.0619,58.62,46,9,5.32
586,Mayumba,GA,2022-07-28 19:54:38,broken clouds,-3.432,10.6554,69.73,90,64,4.5
587,Paamiut,GL,2022-07-28 19:54:39,overcast clouds,61.994,-49.6678,41.85,92,100,18.75
588,Kisangani,CD,2022-07-28 19:54:39,overcast clouds,0.5167,25.2,70.9,96,99,1.45
589,Quesnel,CA,2022-07-28 19:54:39,clear sky,52.9999,-122.5029,86.5,32,0,3.44
590,Birjand,IR,2022-07-28 19:54:40,few clouds,32.8663,59.2211,82.87,23,20,9.22
591,Clarence Town,AU,2022-07-28 19:54:40,overcast clouds,-32.5833,151.7833,53.85,74,99,3.98
592,La Union,PE,2022-07-28 19:54:41,clear sky,-5.4,-80.75,83.97,40,4,12.77
593,Nagato,JP,2022-07-28 19:54:41,clear sky,34.3833,131.2,78.35,87,0,4.25
594,Bartica,GY,2022-07-28 19:54:41,moderate rain,6.4,-58.6167,79.12,84,53,2.66
595,Nicoya,CR,2022-07-28 19:54:42,overcast clouds,10.1483,-85.452,84.47,69,100,2.64
596,Sioux City,US,2022-07-28 19:52:07,overcast clouds,42.5,-96.4003,75.11,19,87,12.35
597,Bourail,NC,2022-07-28 19:55:42,clear sky,-21.5667,165.4833,63.03,85,0,5.06
598,Morgan City,US,2022-07-28 19:55:43,broken clouds,29.6994,-91.2068,84.0,62,54,6.62
599,Natal,BR,2022-07-28 19:52:13,few clouds,-5.795,-35.2094,84.42,65,20,16.11
600,Kharp,RU,2022-07-28 19:55:43,overcast clouds,66.8014,65.8081,60.75,66,98,3.22
601,Yangjiang,CN,2022-07-28 19:55:44,broken clouds,21.85,111.9667,80.47,89,73,4.25
602,Amapa,BR,2022-07-28 19:50:49,overcast clouds,1.0,-52.0,77.05,94,100,2.13
603,George Town,MY,2022-07-28 19:54:27,few clouds,5.4112,100.3354,80.89,85,20,4.61
604,Digboi,IN,2022-07-28 19:55:44,scattered clouds,27.3833,95.6333,74.61,98,35,1.43
605,Alice Springs,AU,2022-07-28 19:55:45,scattered clouds,-23.7,133.8833,35.15,51,29,0.0
606,Conil,FR,2022-07-28 19:55:45,overcast clouds,44.9673,3.7177,57.88,71,99,1.05
607,Naryan-Mar,RU,2022-07-28 19:55:45,light rain,67.6713,53.087,64.36,96,98,4.63
608,Liverpool,GB,2022-07-28 19:54:04,few clouds,53.4106,-2.9779,65.91,77,20,5.75
609,Bata,GQ,2022-07-28 19:55:46,broken clouds,1.8639,9.7658,75.78,84,70,11.25
610,Chatellerault,FR,2022-07-28 19:55:46,overcast clouds,46.8,0.5333,77.72,35,100,4.45
611,San Onofre,CO,2022-07-28 19:55:47,overcast clouds,9.7359,-75.5263,81.5,80,92,9.08
612,Taltal,CL,2022-07-28 19:55:47,overcast clouds,-25.4,-70.4833,64.06,70,99,6.53
613,Salalah,OM,2022-07-28 19:55:47,overcast clouds,17.0151,54.0924,74.95,93,90,5.84
614,Kedrovyy,RU,2022-07-28 19:55:48,broken clouds,56.1667,91.8167,63.01,93,62,1.05
615,Andrelandia,BR,2022-07-28 19:55:48,clear sky,-21.7397,-44.3092,71.04,40,5,5.3
616,Otta,NO,2022-07-28 19:55:48,broken clouds,61.7712,9.5353,56.82,55,73,3.11
617,Port-Gentil,GA,2022-07-28 19:54:29,scattered clouds,-0.7193,8.7815,75.16,83,40,8.05
618,Reconquista,AR,2022-07-28 19:55:49,overcast clouds,-29.15,-59.65,57.99,67,100,13.2
619,Kaseda,JP,2022-07-28 19:55:49,broken clouds,31.4167,130.3167,79.7,84,84,13.09
620,Grants Pass,US,2022-07-28 19:55:50,clear sky,42.439,-123.3284,103.8,42,0,0.0
621,Nara,JP,2022-07-28 19:55:50,scattered clouds,34.6851,135.8049,81.5,62,37,3.13
622,Matay,EG,2022-07-28 19:55:50,clear sky,28.419,30.7792,91.17,14,0,10.51
623,Aykino,RU,2022-07-28 19:55:51,few clouds,62.2248,49.9922,61.83,73,16,4.47
624,Lensk,RU,2022-07-28 19:55:51,overcast clouds,60.7253,114.9278,65.52,90,100,1.21
625,Palanpur,IN,2022-07-28 19:55:51,overcast clouds,24.1667,72.4333,80.73,78,96,5.64
626,Lahad Datu,MY,2022-07-28 19:55:52,overcast clouds,5.0268,118.327,75.27,90,99,1.79
627,Bardiyah,LY,2022-07-28 19:55:52,clear sky,31.7561,25.0865,79.11,75,0,10.2
628,Gijon,ES,2022-07-28 19:55:44,overcast clouds,43.5357,-5.6615,69.01,85,100,5.01
629,Wundanyi,KE,2022-07-28 19:55:53,few clouds,-3.4019,38.364,58.03,85,24,6.76
630,Chabahar,IR,2022-07-28 19:55:53,overcast clouds,25.2919,60.643,81.91,78,100,9.73
631,Puerto Cabello,VE,2022-07-28 19:55:53,broken clouds,10.4731,-68.0125,81.95,85,60,8.68
632,Yibin,CN,2022-07-28 19:55:54,clear sky,28.7667,104.6238,77.45,90,0,2.35
633,Portland,US,2022-07-28 19:55:54,few clouds,45.5234,-122.6762,94.98,49,16,3.0
634,Traverse City,US,2022-07-28 19:55:54,clear sky,44.7631,-85.6206,73.6,56,1,11.48
635,Varhaug,NO,2022-07-28 19:55:55,clear sky,58.6147,5.6457,59.7,80,4,6.29
636,Bosaso,SO,2022-07-28 19:55:55,clear sky,11.2842,49.1816,92.39,38,0,18.68
637,Acapulco,MX,2022-07-28 19:51:28,broken clouds,16.8634,-99.8901,82.96,69,75,3.47
638,Koster,ZA,2022-07-28 19:55:56,clear sky,-25.863,26.8976,53.04,43,10,6.4
639,Keita,NE,2022-07-28 19:55:56,overcast clouds,14.7551,5.7749,79.83,65,100,5.88
640,Sedalia,US,2022-07-28 19:55:47,broken clouds,38.7045,-93.2283,80.31,52,76,9.62
641,Xining,CN,2022-07-28 19:55:56,overcast clouds,36.6167,101.7667,55.67,64,99,1.99
642,Poitiers,FR,2022-07-28 19:54:35,clear sky,46.5833,0.3333,77.41,44,0,6.91
643,Zhanakorgan,KZ,2022-07-28 19:55:57,clear sky,43.9098,67.2495,80.11,34,0,6.53
644,Bereda,ES,2022-07-28 19:55:57,few clouds,43.2686,-7.5406,68.41,94,12,2.73
645,Pangnirtung,CA,2022-07-28 19:55:58,fog,66.1451,-65.7125,50.0,93,100,16.11
646,Sarandi,BR,2022-07-28 19:56:58,clear sky,-23.4436,-51.8739,85.55,35,0,11.5
647,Lazarev,RU,2022-07-28 19:56:58,overcast clouds,52.225,141.5131,59.2,95,100,11.95
648,Port Hardy,CA,2022-07-28 19:56:59,clear sky,50.6996,-127.4199,66.38,77,0,4.61
649,Vestmannaeyjar,IS,2022-07-28 19:56:59,broken clouds,63.4427,-20.2734,50.99,81,75,5.75
650,Tual,ID,2022-07-28 19:56:59,broken clouds,-5.6667,132.75,78.19,86,78,22.82
651,Yurga,RU,2022-07-28 19:53:17,clear sky,55.7231,84.8861,57.49,84,10,7.67
652,Umm Lajj,SA,2022-07-28 19:57:00,overcast clouds,25.0213,37.2685,90.09,41,99,7.92
653,Nenjiang,CN,2022-07-28 19:57:00,light rain,49.1833,125.2167,65.19,97,100,3.98
654,Bandarbeyla,SO,2022-07-28 19:57:01,broken clouds,9.4942,50.8122,76.6,81,59,26.87
655,Agadez,NE,2022-07-28 19:57:01,overcast clouds,19.75,10.25,95.2,18,100,3.94
656,Marratxi,ES,2022-07-28 19:57:01,few clouds,39.6421,2.7539,82.69,63,20,4.61
657,Wenzhou,CN,2022-07-28 19:57:02,clear sky,27.9994,120.6668,78.3,82,0,1.77
658,Maniitsoq,GL,2022-07-28 19:55:21,overcast clouds,65.4167,-52.9,41.63,87,91,1.83
659,Tadine,NC,2022-07-28 19:57:02,clear sky,-21.55,167.8833,68.58,75,0,12.75
660,Taiyuan,CN,2022-07-28 19:57:03,clear sky,37.8694,112.5603,67.86,77,0,4.47
661,Morant Bay,JM,2022-07-28 19:57:04,few clouds,17.8815,-76.4093,85.62,72,23,9.48
662,Sibolga,ID,2022-07-28 19:57:04,overcast clouds,1.7427,98.7792,76.08,90,100,2.62
663,Namtsy,RU,2022-07-28 19:57:05,clear sky,62.7161,129.6658,68.7,68,0,0.56
664,Narrabri,AU,2022-07-28 19:57:05,clear sky,-30.3167,149.7833,42.26,85,1,5.23
665,Qiongshan,CN,2022-07-28 19:57:05,clear sky,20.0058,110.3542,80.58,94,0,2.24
666,Havoysund,NO,2022-07-28 19:53:09,broken clouds,70.9963,24.6622,50.23,83,56,11.1
667,Jurm,AF,2022-07-28 19:57:06,clear sky,36.8648,70.8342,71.91,50,0,1.52
668,Belmonte,BR,2022-07-28 19:57:06,clear sky,-15.8631,-38.8828,73.06,74,1,6.96
669,Bose,IT,2022-07-28 19:57:07,clear sky,45.4612,8.0137,72.99,91,7,5.37
670,Dekar,BW,2022-07-28 19:57:07,clear sky,-21.5333,21.9333,61.2,34,0,10.33
671,Malabo,GQ,2022-07-28 19:57:08,thunderstorm,3.75,8.7833,76.86,100,40,9.22
672,Shwebo,MM,2022-07-28 19:57:08,broken clouds,22.5667,95.7,82.49,71,84,3.65
673,Yeniseysk,RU,2022-07-28 19:57:08,scattered clouds,58.4497,92.1703,56.97,84,28,4.23
674,Jacmel,HT,2022-07-28 19:55:57,scattered clouds,18.2342,-72.5347,87.64,63,37,6.53
675,Dhidhdhoo,MV,2022-07-28 19:57:09,overcast clouds,6.8833,73.1,80.92,80,100,17.54
676,Matadi,CD,2022-07-28 19:57:10,overcast clouds,-5.8167,13.45,73.65,71,93,8.75
677,Paranhos,BR,2022-07-28 19:57:10,scattered clouds,-23.8928,-55.4311,88.54,22,39,6.46
678,Jutai,BR,2022-07-28 19:57:11,broken clouds,-5.1833,-68.9,80.87,75,78,2.95
679,Angul,IN,2022-07-28 19:57:11,overcast clouds,20.85,85.1,82.47,76,100,1.7
680,Sao Tome,ST,2022-07-28 19:57:11,overcast clouds,0.3365,6.7273,73.53,76,100,8.72
681,Roma,US,2022-07-28 19:57:12,broken clouds,43.2128,-75.4557,85.73,83,75,12.66
682,Biak,ID,2022-07-28 19:57:12,overcast clouds,-0.9131,122.8766,74.84,89,96,7.02
683,Zafra,ES,2022-07-28 19:57:13,clear sky,38.4167,-6.4167,83.03,32,0,9.93
684,Esso,RU,2022-07-28 19:57:13,light rain,55.9333,158.7,53.92,86,96,3.89
685,Gondar,ET,2022-07-28 19:57:14,moderate rain,12.6,37.4667,57.6,93,100,5.44
686,Soyo,AO,2022-07-28 19:57:14,scattered clouds,-6.1349,12.3689,70.97,84,28,6.82
687,Utete,TZ,2022-07-28 19:57:15,clear sky,-7.986,38.758,69.31,95,7,4.09
688,Farah,AF,2022-07-28 19:57:15,overcast clouds,32.5,62.5,91.6,19,96,3.67
689,Narsaq,GL,2022-07-28 19:57:16,broken clouds,60.9167,-46.05,49.42,60,52,6.08
690,Umea,SE,2022-07-28 19:57:16,broken clouds,63.8284,20.2597,57.13,82,75,5.75
691,Athni,IN,2022-07-28 19:57:16,overcast clouds,16.7333,75.0667,79.93,75,99,6.15
692,Sao Jose Da Coroa Grande,BR,2022-07-28 19:53:06,few clouds,-8.8978,-35.1478,76.12,82,18,5.68
693,Alappuzha,IN,2022-07-28 19:57:17,overcast clouds,9.49,76.3264,78.01,90,100,6.44
694,Teo,ES,2022-07-28 19:58:18,few clouds,42.75,-8.5,72.03,73,20,6.91
695,Sabzevar,IR,2022-07-28 19:58:18,few clouds,36.2126,57.6819,87.08,25,20,21.85
696,Rancho Palos Verdes,US,2022-07-28 19:55:02,clear sky,33.7445,-118.387,87.98,80,7,5.99
697,Ambilobe,MG,2022-07-28 19:58:19,few clouds,-13.2,49.05,66.67,88,15,3.4
698,Belize,BZ,2022-07-28 19:58:19,overcast clouds,17.25,-88.75,91.72,71,97,7.31
699,Okuchi,JP,2022-07-28 19:58:19,scattered clouds,32.0667,130.6167,73.02,93,47,3.96
700,Lake Elsinore,US,2022-07-28 19:58:20,clear sky,33.6681,-117.3273,95.94,27,6,3.0
701,Virginia Beach,US,2022-07-28 19:54:12,broken clouds,36.8529,-75.978,97.02,60,75,9.22
702,Chongoyape,PE,2022-07-28 19:58:20,broken clouds,-6.6406,-79.3892,84.87,46,77,7.85
703,Antofagasta,CL,2022-07-28 19:58:21,scattered clouds,-23.65,-70.4,60.08,78,42,9.62
704,Zlitan,LY,2022-07-28 19:58:21,clear sky,32.4674,14.5687,81.16,77,0,4.03
705,Nizhnyaya Tavda,RU,2022-07-28 19:58:22,few clouds,57.6731,66.1725,55.53,86,21,7.58
706,Tanete,ID,2022-07-28 19:58:22,overcast clouds,-3.9443,119.7848,73.65,94,94,5.97
707,Prince Rupert,CA,2022-07-28 19:54:32,clear sky,54.3161,-130.3201,66.29,84,0,12.66
708,Nichinan,JP,2022-07-28 19:58:23,broken clouds,31.6,131.3667,79.05,91,62,12.12
709,Sao Joao Da Barra,BR,2022-07-28 19:57:36,broken clouds,-21.6403,-41.0511,78.89,79,51,18.97
710,Farafangana,MG,2022-07-28 19:58:23,scattered clouds,-22.8167,47.8333,67.03,84,30,2.62
711,Kamenka,RU,2022-07-28 19:58:23,overcast clouds,51.3223,42.7678,73.29,59,92,2.44
712,Imbituba,BR,2022-07-28 19:56:53,moderate rain,-28.24,-48.6703,78.85,77,100,5.82
713,Konya,TR,2022-07-28 19:56:54,clear sky,38.1667,32.5,74.3,21,0,3.36
714,Gazojak,TM,2022-07-28 19:58:24,clear sky,41.1875,61.4036,84.4,28,0,15.14
715,Barra Patuca,HN,2022-07-28 19:58:24,clear sky,15.8,-84.2833,85.19,64,10,8.59
716,Mariental,NA,2022-07-28 19:58:25,scattered clouds,-24.6333,17.9667,62.35,18,38,13.24
717,Palmer,US,2022-07-28 19:54:02,broken clouds,42.1584,-72.3287,89.65,60,75,13.8
718,Atherton,GB,2022-07-28 19:58:25,overcast clouds,53.5237,-2.4935,65.28,76,100,3.0
719,Zabol,AF,2022-07-28 19:58:26,overcast clouds,32.25,67.25,76.44,62,100,13.94
